name,email,phone,gender,language,country,idc10,data_controller,consent_gdpr,consent_other,created_at
Veronika Pideon,vpideon0@house.gov,+44-644-705-4009,Female,it,GB,Z951,,false,false,2018-12-23T19:00:37Z
Gerardo Durbin,gdurbin1@ovh.net,+1-515-625-4980,Male,nl,US,W9301XS,Mike,false,false,2018-03-24T16:10:58Z
Elie Capineer,ecapineer2@tumblr.com,+1-501-949-3364,Female,sv,US,,,true,false,2019-02-13T15:31:35Z
Fayette Troth,ftroth3@princeton.edu,+33-764-775-1225,Female,it,FR,T84210,,true,true,2020-02-01T08:53:27Z
Sansone McGrey,smcgrey4@youtu.be,+1-314-111-3559,Male,fr,US,,,true,true,2019-05-15T14:43:49Z
Marcie Ludovico,mludovico5@msn.com,+46-790-469-1790,Female,sv,SE,,,true,false,2019-01-06T06:58:01Z
Barret Faire,bfaire6@xrea.com,+46-266-109-6985,Male,fr,SE,M84345,,false,true,2020-06-28T06:30:20Z
Trey Shory,tshory7@imgur.com,+1-419-782-6416,Male,sv,US,,,true,false,2019-02-24T19:40:58Z
Kamillah Bellhouse,kbellhouse8@feedburner.com,+33-655-648-1453,Female,en,FR,V4919,,false,false,2018-12-07T19:34:20Z
Irvine Haseldine,,+33-419-491-9673,Male,fr,,,,true,true,2020-01-23T21:18:56Z
Gayle Baskett,gbasketta@people.com.cn,+33-895-138-0722,Male,fr,FR,,,false,false,2018-06-29T08:44:57Z
Delly Larroway,dlarrowayb@discuz.net,+46-326-527-5911,Female,en,SE,,,false,false,2018-09-23T11:26:42Z
Thadeus Ellum,,+1-504-759-2106,Male,fr,,S53021,,true,false,2018-12-18T23:04:32Z
Julie Tythe,jtythed@google.ca,+1-786-526-0898,Male,es,US,,Lima,true,false,2019-12-20T13:37:25Z
Shirl Almack,salmacke@constantcontact.com,+46-622-598-9284,Female,fr,SE,,Kilo,true,false,2018-07-03T22:10:17Z
Elfie Weldon,eweldonf@buzzfeed.com,+33-197-624-9243,Female,nl,FR,S32032D,Charlie,false,false,2019-05-14T14:28:12Z
Louie Spritt,lsprittg@ox.ac.uk,+39-385-423-0247,Male,fr,IT,S72062G,,false,false,2018-09-05T01:24:12Z
Bernardo Stead,bsteadh@google.pl,+33-232-211-1829,Male,it,FR,M25659,,false,false,2019-04-15T19:45:37Z
Brion Klesl,bklesli@ihg.com,+46-860-974-5569,Male,sv,SE,,,false,true,2019-05-26T04:09:07Z
Care Leverett,cleverettj@woothemes.com,+46-573-454-9442,Male,it,SE,,,true,false,2019-03-13T05:13:57Z
Rik Garret,rgarretk@purevolume.com,+1-415-743-1468,Male,en,US,,,false,false,2018-06-09T08:26:42Z
Consuelo Abbet,cabbetl@google.it,+46-999-127-6209,Female,de,SE,,Charlie,true,false,2019-04-24T06:57:59Z
Tessy Sauvage,tsauvagem@hubpages.com,+33-914-628-5378,Female,sv,FR,S99292A,Hotel,false,false,2019-05-02T10:13:12Z
Elroy Gouldeby,,+33-973-602-8481,Male,sv,,S63257,Oscar,false,true,2018-10-18T16:28:41Z
Ignace McKue,,+44-903-931-8837,Male,fr,,V00148,,false,true,2018-12-09T19:13:43Z
Patsy Frew,pfrewp@de.vu,+1-916-226-9468,Female,de,US,T457X6A,,false,false,2020-03-03T17:52:46Z
Lonnie Joddins,ljoddinsq@miitbeian.gov.cn,+33-837-684-6982,Female,,FR,,,true,true,2019-05-06T05:40:42Z
Russell Lill,rlillr@blogspot.com,+46-409-235-2893,Male,de,SE,Q019,,false,false,2020-03-27T08:27:34Z
Reilly Anlay,,+46-395-755-3139,Male,en,,,,false,true,2019-12-14T23:54:03Z
Sherilyn O'Flynn,,+33-751-565-9434,Female,,,,Foxtrot,false,true,2019-09-03T09:16:08Z
Nahum Vader,nvaderu@aboutads.info,+33-368-509-6623,Male,fr,FR,,,true,true,2019-10-27T19:07:23Z
Dory Strafford,,+33-802-306-7061,Female,en,,,,true,false,2019-10-31T16:08:19Z
Margret Budgey,mbudgeyw@irs.gov,+1-319-809-1298,Female,,US,,,false,true,2019-09-04T17:20:14Z
Lindsey Whates,lwhatesx@upenn.edu,+44-614-135-5556,Female,fr,GB,,,false,false,2018-06-15T18:31:46Z
Donn Trahear,,+46-701-316-3811,Male,fr,,,,,,2019-10-22T23:58:24Z
Gussi De Ath,,+46-996-842-0978,Female,it,,S52514P,,false,false,2019-07-03T14:08:30Z
Bobbette Whistlecraft,bwhistlecraft10@naver.com,+33-736-426-5461,Female,fr,FR,,,true,true,2019-04-17T14:04:25Z
Kara-lynn Huddleston,,+1-952-701-5538,Female,,,Y3500,,false,true,2019-08-15T12:45:45Z
Barnett Humbee,bhumbee12@sciencedirect.com,+33-993-805-4530,Male,en,FR,,,false,false,2018-06-03T21:04:07Z
Jordon Runacres,jrunacres13@rediff.com,+1-972-774-3511,Male,fr,US,,Mike,false,false,2018-06-27T12:29:00Z
Orelia Molan,omolan14@forbes.com,+1-518-620-9833,Female,en,US,,,true,false,2020-07-12T01:27:41Z
Traci Gaylord,tgaylord15@archive.org,+33-595-721-2328,Female,nl,FR,,Kilo,false,true,2019-01-21T11:13:59Z
Jeffry Sawyer,jsawyer16@fc2.com,+46-862-604-1977,Male,nl,SE,,,true,false,2018-11-04T07:00:45Z
Joane McAlpine,jmcalpine17@example.com,+33-879-774-6706,Female,sv,FR,T564X3D,Papa,false,true,2019-04-02T03:19:36Z
Timothy Malby,tmalby18@about.me,+46-892-849-3082,Male,it,SE,N413,Papa,true,false,2018-11-27T19:20:22Z
Massimiliano Barnwille,mbarnwille19@dot.gov,+33-668-422-2190,Male,en,FR,,,true,true,2018-08-16T13:43:48Z
Dyanna Gimert,dgimert1a@miitbeian.gov.cn,+1-951-685-0051,Female,de,US,S7214,,,,2019-01-07T13:56:21Z
Allie Shelton,ashelton1b@gmpg.org,+46-138-888-6219,Male,it,SE,F14220,,true,false,2019-12-10T03:41:29Z
Anneliese Eppson,aeppson1c@so-net.ne.jp,+33-583-947-2868,Female,de,FR,,,false,false,2019-06-13T07:32:06Z
Amabel Pawnsford,,+46-584-868-5213,Female,de,,S25509,,true,false,2020-01-10T16:43:42Z
Joey Hatwell,jhatwell1e@skype.com,+33-576-708-1005,Female,fr,FR,H2102,,true,false,2019-01-24T16:54:37Z
Tristan Hunston,,+1-303-807-3758,Male,nl,,Z298,,true,false,2019-06-03T18:08:18Z
Christophe Pemberton,,+33-398-745-7514,Male,es,,N915,,true,true,2019-10-04T04:15:03Z
Ulrick Trattles,utrattles1h@t-online.de,+46-382-312-6535,Male,fr,SE,,,true,true,2019-12-21T12:58:36Z
Milli Lumsdall,mlumsdall1i@acquirethisname.com,+1-727-204-0011,Female,fr,US,S72012B,,true,false,2020-01-02T00:54:32Z
Catlin Cholton,ccholton1j@biblegateway.com,+46-765-847-9821,Female,en,SE,S48912S,,false,false,2018-03-07T09:44:51Z
Rudy Patershall,,+33-869-186-4349,Male,en,,S82255G,,true,true,2019-05-18T10:24:25Z
Matti Derycot,mderycot1l@mozilla.com,+33-375-310-5491,Female,fr,FR,M61351,,false,false,2020-08-04T00:20:48Z
Allayne Spaight,aspaight1m@macromedia.com,+33-129-283-1458,Male,de,FR,T2152XS,Charlie,true,false,2019-04-27T01:07:00Z
Thorsten Bisacre,tbisacre1n@merriam-webster.com,+46-475-515-4111,Male,de,SE,S32309D,Mike,false,false,2019-06-28T05:04:12Z
Tomas Starkings,tstarkings1o@baidu.com,+1-812-762-4299,Male,en,US,,,true,true,2019-07-27T17:14:51Z
Norrie Aldus,naldus1p@gov.uk,+33-858-843-3792,Female,fr,FR,,,true,true,2018-06-26T20:22:02Z
Bernhard Sirette,bsirette1q@blogger.com,+1-786-339-4316,Male,it,US,O0483,,false,false,2018-10-31T23:28:36Z
Nicola Luggar,nluggar1r@springer.com,+46-748-760-7600,Male,fr,SE,,,false,false,2019-04-02T12:25:44Z
Conny Harmar,charmar1s@nydailynews.com,+46-512-909-8346,Male,it,SE,S99001G,,false,false,2018-04-23T06:30:13Z
Sadye Senior,ssenior1t@ucoz.ru,+33-717-936-8656,Female,es,FR,,,false,false,2020-04-18T13:11:13Z
Kellia Greenig,kgreenig1u@csmonitor.com,+46-676-504-9493,Female,,SE,,,false,false,2020-05-14T20:29:06Z
Dulcia Attle,dattle1v@yelp.com,+46-545-124-4359,Female,es,SE,M84463P,,true,false,2020-06-13T22:02:53Z
Riobard Kleinmann,rkleinmann1w@ca.gov,+46-583-894-2412,Male,fr,SE,,,false,false,2018-09-10T07:03:41Z
Gussie Toomer,,+46-677-614-5996,Female,it,,,,false,false,2020-03-07T12:43:37Z
Maisey Levane,mlevane1y@surveymonkey.com,+33-788-796-8463,Female,fr,FR,,,true,false,2019-11-28T20:20:33Z
Far Doddemeede,,+44-547-126-6366,Male,it,,S42151P,Oscar,true,true,2019-09-18T19:43:14Z
Melicent Giddens,,+39-319-197-3313,Female,en,,,Quebec,false,true,2019-02-14T08:54:37Z
Milt Armstead,marmstead21@uol.com.br,+46-805-221-5901,Male,en,SE,,Zulu,false,true,2019-01-15T05:40:30Z
Reynard Gallanders,rgallanders22@scientificamerican.com,+46-428-171-3344,Male,fr,SE,,,true,true,2020-04-24T14:42:10Z
Beck Sapsford,,+1-212-175-9544,Male,it,,,,false,true,2020-06-24T05:20:39Z
Alard Dobbs,adobbs24@vkontakte.ru,+46-864-797-5307,Male,sv,SE,O080,,false,false,2019-11-14T13:30:17Z
Kordula MacGiolla,kmacgiolla25@sciencedaily.com,+1-713-824-4127,Female,de,US,,Tango,false,false,2020-07-10T10:26:50Z
Odilia Dineges,odineges26@newyorker.com,+44-271-987-1760,Female,,GB,S75219D,,false,true,2018-12-30T18:40:00Z
Constantino Bowker,cbowker27@jiathis.com,+46-676-130-5669,Male,,SE,,,false,false,2018-12-22T19:36:41Z
Kassia Oliver,koliver28@epa.gov,+46-649-651-1088,Female,es,SE,C4A,Zulu,true,false,2018-05-29T01:27:05Z
Alphonso Munehay,amunehay29@nasa.gov,+46-420-486-8588,Male,,SE,H8192,,true,true,2019-01-02T19:19:50Z
Frederigo Tilsley,ftilsley2a@scientificamerican.com,+1-281-602-7333,Male,de,US,,,false,false,2020-04-06T14:06:33Z
Stefan Eastham,,+46-169-360-7792,Male,fr,,S65291,Papa,false,false,2018-06-28T14:04:22Z
Kendal Jantel,kjantel2c@github.com,+1-913-369-3869,Male,de,US,S42322S,,true,true,2018-09-30T08:06:01Z
Kevon Seymour,kseymour2d@geocities.jp,+33-889-365-0385,Male,de,FR,,Whiskey,false,false,2020-07-13T05:00:41Z
Con Dinnage,cdinnage2e@usgs.gov,+33-155-938-8934,Female,it,FR,M84659G,,false,false,2019-04-21T09:17:43Z
Aaron Glossop,aglossop2f@ycombinator.com,+46-672-745-5907,Male,en,SE,,,false,false,2020-08-16T07:41:23Z
Field Grunguer,fgrunguer2g@xinhuanet.com,+1-817-155-5742,Male,fr,US,,,false,false,2020-01-04T22:43:52Z
Shae Jurick,sjurick2h@yahoo.com,+1-512-518-2832,Male,,US,,,true,false,2018-10-18T14:35:15Z
Oralle Archbold,,+46-909-121-7147,Female,en,,,,false,true,2019-03-08T14:46:52Z
Danny Edowes,dedowes2j@infoseek.co.jp,+44-598-375-6646,Male,fr,GB,A242,Golf,false,true,2019-03-14T20:55:20Z
Fred Halm,fhalm2k@elegantthemes.com,+33-789-814-8901,Female,,FR,,Sierra,true,true,2020-03-02T16:02:33Z
Roselin Hauxby,rhauxby2l@businessweek.com,+44-729-613-7003,Female,,GB,,,true,false,2018-04-03T23:29:08Z
Langsdon Hutcheson,lhutcheson2m@admin.ch,+46-279-796-9139,Male,nl,SE,T22622S,,false,false,2020-05-17T00:18:37Z
Carlota Noir,cnoir2n@wired.com,+33-641-183-7262,Female,nl,FR,I8244,,false,true,2018-06-19T16:35:52Z
Cristobal Nolan,cnolan2o@163.com,+46-597-286-8101,Male,fr,SE,S72455P,,true,true,2020-03-22T14:34:23Z
Chevalier Vernay,cvernay2p@unblog.fr,+33-624-900-7578,Male,en,FR,,,false,true,2020-05-02T10:44:41Z
Vale Dyerson,,+1-817-113-6364,Male,es,,S96292,Echo,false,true,2019-06-25T07:30:15Z
Theodoric Dowdall,tdowdall2r@paypal.com,+46-258-444-4363,Male,fr,SE,,,false,false,2018-04-30T22:37:55Z
Walker Trench,wtrench2s@1688.com,+1-432-472-2980,Male,de,US,,,,,2019-08-14T17:27:33Z
Caroline Meugens,cmeugens2t@bluehost.com,+46-884-767-4098,Female,fr,SE,,,false,true,2019-09-03T22:53:09Z
Babita Thewlis,bthewlis2u@weibo.com,+33-493-879-8852,Female,fr,FR,,,false,true,2020-05-01T16:29:19Z
Gifford Bleasdille,gbleasdille2v@networksolutions.com,+1-856-189-6885,Male,nl,US,S66802,,false,true,2019-05-06T14:28:21Z
Celestina Downton,,+46-457-554-3746,Female,es,,,,false,true,2018-09-10T19:04:37Z
Bartie Binton,bbinton2x@si.edu,+46-479-582-2108,Male,fr,SE,T23019A,,false,false,2019-12-08T16:20:28Z
Amil Paoli,apaoli2y@chron.com,+1-336-931-2084,Female,sv,US,,,true,false,2018-06-30T11:45:55Z
Thacher Cockren,tcockren2z@time.com,+46-293-263-3000,Male,it,SE,,,false,false,2019-11-05T21:34:34Z
Sorcha Washbrook,swashbrook30@google.co.jp,+46-895-591-3411,Female,de,SE,,,true,true,2019-01-21T05:41:51Z
Talbot Streeting,tstreeting31@tuttocitta.it,+33-171-780-2557,Male,fr,FR,S52091M,,false,true,2019-06-01T17:27:40Z
Kip Chinnery,kchinnery32@pcworld.com,+1-720-832-9273,Male,it,US,,,false,false,2018-11-23T14:33:11Z
Cosmo Churchley,cchurchley33@miibeian.gov.cn,+1-773-710-7357,Male,es,US,,,true,false,2020-04-07T22:32:27Z
Edith Mealham,emealham34@examiner.com,+39-721-987-2917,Female,de,IT,S0036XD,,true,true,2018-12-08T16:57:34Z
Madlin Treadway,mtreadway35@mashable.com,+1-954-773-9400,Female,fr,US,S56512D,,false,true,2018-06-22T05:22:19Z
Roscoe Tremmel,rtremmel36@ow.ly,+1-843-679-6019,Male,es,US,,November,false,true,2018-03-03T17:18:39Z
Ursuline Boyles,uboyles37@blogspot.com,+33-805-430-8204,Female,sv,FR,,Juliett,false,false,2019-12-10T03:14:49Z
Nerta Linnitt,nlinnitt38@mapquest.com,+46-686-457-5822,Female,es,SE,T24211A,,false,false,2020-06-08T01:21:27Z
Arin Dunk,adunk39@google.pl,+46-891-840-2851,Male,sv,SE,T84050S,,true,true,2020-02-19T02:27:02Z
Lindsey Emmitt,lemmitt3a@bloomberg.com,+46-254-219-8829,Male,de,SE,,,true,false,2019-12-16T15:27:20Z
Lara Creaser,lcreaser3b@washington.edu,+33-947-382-5767,Female,es,FR,M19221,Whiskey,true,true,2019-06-08T12:53:24Z
Gustav Merrell,,+46-286-254-1237,Male,es,,S322XXA,,true,false,2020-05-29T21:29:11Z
Worth Gemlett,wgemlett3d@uol.com.br,+33-739-490-6897,Male,,FR,P352,,false,true,2019-08-19T10:07:04Z
Bertie Antrum,bantrum3e@accuweather.com,+1-412-133-2323,Female,fr,US,,,true,false,2019-06-28T08:13:53Z
Cindie Dorrity,,+46-191-275-1276,Female,sv,,,,false,false,2019-11-14T18:58:46Z
Tedd Delgadillo,tdelgadillo3g@walmart.com,+1-208-145-0062,Male,nl,US,S62321,,false,true,2019-03-16T02:35:54Z
Orland Ryam,oryam3h@businessinsider.com,+33-925-532-9356,Male,de,FR,,,true,true,2020-07-04T07:40:51Z
Ruprecht Stern,rstern3i@ovh.net,+33-411-587-7498,Male,es,FR,M61462,,false,false,2019-12-18T03:57:16Z
Zebulen Challin,,+33-356-331-2140,Male,de,,S82144F,Tango,false,true,2019-05-10T21:58:51Z
Anallese Tinwell,atinwell3k@ca.gov,+33-674-805-2429,Female,fr,FR,,X-ray,true,true,2020-02-20T06:29:11Z
Charis Noah,cnoah3l@cloudflare.com,+46-470-827-9386,Female,fr,SE,,,true,false,2018-10-25T09:05:53Z
Edvard Matschoss,,+46-112-804-5410,Male,,,,,,,2020-06-12T22:25:17Z
Franzen Craythorn,fcraythorn3n@bloglines.com,+46-922-166-3903,Male,fr,SE,V675XXS,,false,false,2018-11-05T20:25:51Z
Athene Whatmough,,+44-724-401-0239,Female,es,,,,,,2019-08-26T23:45:43Z
Pacorro Branford,pbranford3p@hugedomains.com,+46-221-227-7337,Male,it,SE,S0002XS,Hotel,false,true,2019-04-24T22:59:42Z
Evie Kendred,ekendred3q@nytimes.com,+1-828-709-8939,Female,fr,US,,Yankee,false,false,2019-03-10T05:00:06Z
Whitby McHan,wmchan3r@guardian.co.uk,+46-988-764-7375,Male,fr,SE,,Papa,false,false,2018-04-15T12:42:53Z
Cody Melato,cmelato3s@slate.com,+46-295-742-1288,Female,es,SE,S40212,Quebec,false,false,2018-03-18T23:18:51Z
Ethelbert Pighills,epighills3t@360.cn,+33-917-642-7461,Male,sv,FR,,,true,false,2018-06-05T00:14:03Z
Izaak Holdforth,,+1-571-363-8535,Male,de,,,,false,false,2020-03-03T12:16:49Z
Allister Kingsnode,akingsnode3v@un.org,+33-861-763-8023,Male,en,FR,,,true,true,2018-04-11T13:49:50Z
Anjanette Ridgedell,aridgedell3w@parallels.com,+33-637-115-8035,Female,it,FR,Z735,Yankee,true,true,2020-07-23T18:04:58Z
Melisse Blazeby,mblazeby3x@bravesites.com,+46-687-743-7700,Female,it,SE,,,false,false,2019-03-25T20:32:19Z
Clemence Vain,cvain3y@vinaora.com,+33-634-205-9818,Female,nl,FR,S82262A,,true,true,2019-04-01T21:55:05Z
Jethro Lorek,,+33-178-359-6901,Male,de,,,,false,false,2019-07-30T03:30:09Z
Jesus Oakhill,joakhill40@wiley.com,+46-569-804-2989,Male,nl,SE,,,false,true,2018-07-21T04:10:32Z
Logan Skeech,,+1-828-563-7805,Male,de,,S42016,,false,true,2018-12-20T14:50:31Z
Bert McKeney,bmckeney42@wikipedia.org,+33-262-352-3222,Male,de,FR,D132,,false,true,2018-07-31T09:49:30Z
Torrence Picardo,tpicardo43@chicagotribune.com,+33-227-495-5546,Male,es,FR,S52256K,,true,true,2019-05-02T02:27:16Z
Adella Maultby,,+33-128-752-8699,Female,de,,,,true,true,2019-10-13T21:25:22Z
Nonah Kluge,,+33-963-217-9238,Female,de,,V0400XA,,true,false,2019-01-20T00:32:57Z
Jo Quarless,jquarless46@telegraph.co.uk,+1-850-569-0628,Male,sv,US,V9431,Lima,false,true,2019-03-01T12:29:27Z
Borg McLoughlin,bmcloughlin47@networkadvertising.org,+46-547-873-3301,Male,es,SE,E7871,,false,false,2020-06-22T02:18:58Z
Zia Chevolleau,zchevolleau48@moonfruit.com,+46-751-674-4727,Female,fr,SE,,,false,false,2019-05-09T14:20:52Z
Bobbette Treffry,btreffry49@businessinsider.com,+46-807-378-8398,Female,nl,SE,V735,,true,true,2019-02-27T12:14:04Z
Shanta Sjollema,ssjollema4a@feedburner.com,+1-843-784-2870,Female,es,US,,,true,true,2018-05-13T18:50:23Z
Lisabeth Toppas,ltoppas4b@lulu.com,+44-780-868-3241,Female,it,GB,S72416M,,false,false,2018-10-10T14:49:55Z
Lucho Hilldrup,lhilldrup4c@chronoengine.com,+44-468-979-3088,Male,es,GB,,,false,false,2018-04-30T09:51:55Z
Violette Riley,vriley4d@google.ru,+1-501-680-8743,Female,fr,US,,,,,2019-05-23T04:42:14Z
Smith Rittmeyer,srittmeyer4e@cbslocal.com,+33-172-659-2382,Male,es,FR,M08041,,true,true,2018-12-22T23:44:32Z
Caz Hayen,,+1-813-381-7568,Male,en,,Z047,,,,2019-04-29T03:46:55Z
Olympie Kivlin,okivlin4g@unesco.org,+1-718-514-0656,Female,fr,US,S82261B,Sierra,true,true,2018-08-07T01:03:42Z
Rosetta Taynton,,+33-460-191-8987,Female,fr,,H4021,,true,true,2019-05-22T14:14:34Z
Sophie Crollman,,+1-478-493-7669,Female,sv,,S31030S,,true,false,2018-11-09T03:00:47Z
Jennifer Seak,jseak4j@weebly.com,+1-202-287-7609,Female,it,US,,,false,true,2018-04-17T23:47:47Z
Sukey Ahren,sahren4k@nytimes.com,+1-646-766-3278,Female,fr,US,,,false,false,2018-08-07T22:47:34Z
Orson Ivanyutin,oivanyutin4l@cdc.gov,+46-237-833-0075,Male,de,SE,,,true,true,2018-04-12T07:15:09Z
Isador Truelock,itruelock4m@cdc.gov,+32-825-263-3784,Male,de,BE,M85032,Mike,true,true,2018-04-17T13:14:24Z
Winnifred Royste,,+46-603-482-6434,Female,en,,S80251D,Victor,,,2019-04-12T21:17:55Z
Nevins Debrick,ndebrick4o@wired.com,+33-271-405-5339,Male,de,FR,,,true,true,2019-02-13T03:06:45Z
Louise Van T'Hoog,lvan4p@ow.ly,+1-262-647-4403,Female,fr,US,,,true,true,2019-12-20T18:02:17Z
Nicko Collens,ncollens4q@state.gov,+33-688-803-9815,Male,fr,FR,,,false,false,2020-08-09T03:45:51Z
Ingmar Laxson,ilaxson4r@dailymail.co.uk,+33-293-738-3132,Male,it,FR,,,true,true,2019-12-19T03:36:50Z
Mace Nowill,mnowill4s@sun.com,+33-868-540-2089,Male,sv,FR,S82041G,,true,false,2018-04-03T02:51:44Z
Vere Beernt,vbeernt4t@soundcloud.com,+1-562-855-9301,Female,sv,US,S52221N,,,,2020-03-01T00:07:04Z
Madelin Skain,mskain4u@wired.com,+1-601-431-4438,Female,sv,US,,,false,true,2019-08-07T00:54:06Z
Ulric Balfe,ubalfe4v@shinystat.com,+46-637-748-5197,Male,es,SE,,,false,true,2018-04-15T14:57:41Z
Markus Danick,mdanick4w@sphinn.com,+33-152-715-3722,Male,en,FR,,,true,false,2018-09-03T21:37:08Z
Miriam Van de Velde,mvan4x@ycombinator.com,+1-334-427-4996,Female,fr,US,S92255S,,false,false,2018-10-04T23:23:27Z
Chickie Frill,cfrill4y@hao123.com,+46-898-556-8988,Female,sv,SE,,,true,false,2018-06-05T22:00:31Z
Whittaker Trower,,+33-447-504-1642,Male,de,,M8088XP,,true,true,2019-08-07T16:18:43Z
Flossi Wrankling,fwrankling50@ifeng.com,+46-797-235-5112,Female,en,SE,,,true,true,2018-03-29T20:45:32Z
Enrique Oglesbee,,+33-543-847-4435,Male,,,D24,,false,true,2019-01-04T01:52:13Z
Cindy Dreelan,cdreelan52@dagondesign.com,+44-419-913-4932,Female,en,GB,V727XXS,,true,true,2019-08-03T17:01:22Z
Taffy O'Regan,toregan53@nytimes.com,+46-290-931-9355,Female,es,SE,,,true,false,2019-08-20T06:31:44Z
Fairleigh Christene,fchristene54@weather.com,+1-860-635-0956,Male,en,US,M84664,,false,false,2020-03-23T13:15:00Z
Mead Costard,mcostard55@furl.net,+33-518-156-5887,Male,sv,FR,T83198D,,false,false,2018-11-23T23:25:33Z
Durward Hasley,dhasley56@uiuc.edu,+1-504-301-7229,Male,es,US,,,false,false,2018-08-17T05:51:09Z
Enrichetta Tansey,etansey57@canalblog.com,+46-719-788-6613,Female,nl,SE,,Lima,false,false,2020-08-01T11:41:03Z
Beauregard Aris,baris58@epa.gov,+1-402-802-2854,Male,de,US,,Quebec,false,false,2019-03-25T20:37:20Z
Jerald Bucklan,,+1-415-283-7445,Male,nl,,S60421D,Tango,true,false,2019-07-16T20:16:04Z
Thekla Shenley,tshenley5a@networksolutions.com,+46-546-173-2135,Female,de,SE,M8965,,false,true,2019-05-25T04:25:59Z
Alberta Kendal,akendal5b@squarespace.com,+33-929-533-1384,Female,,FR,S066X3D,,true,true,2018-06-13T08:31:12Z
Pamelina Lepoidevin,plepoidevin5c@google.ca,+44-868-741-1391,Female,de,GB,S52126P,,true,true,2019-09-23T07:01:33Z
Lou McAvey,lmcavey5d@lycos.com,+46-120-213-1396,Female,sv,SE,,,false,true,2020-07-02T20:58:55Z
Savina Huntingdon,shuntingdon5e@4shared.com,+33-820-280-9489,Female,fr,FR,S98312,,true,true,2018-06-14T10:51:57Z
Lexine Ivanchenkov,livanchenkov5f@wordpress.com,+33-745-285-2379,Female,en,FR,S6721XS,,true,false,2018-08-03T07:05:06Z
Josey Beyn,,+46-484-980-0300,Female,es,,S72362R,Quebec,true,true,2019-03-05T11:21:49Z
Wesley Tarpey,wtarpey5h@seattletimes.com,+46-759-975-2057,Male,sv,SE,,,false,false,2019-04-01T10:56:21Z
Clayton Stanlock,cstanlock5i@seattletimes.com,+1-815-625-6344,Male,nl,US,H05121,,true,true,2018-12-12T17:21:40Z
Dore O'Lehane,dolehane5j@feedburner.com,+1-732-549-8692,Female,,US,,,false,true,2019-12-17T16:22:42Z
Emmie Hinchon,ehinchon5k@indiatimes.com,+33-596-451-1586,Female,es,FR,,,false,false,2019-06-04T22:46:07Z
Dynah Menendes,,+1-571-967-1298,Female,fr,,,,true,false,2020-06-11T07:55:15Z
Buddy Lawday,blawday5m@auda.org.au,+46-610-492-2630,Male,fr,SE,V153XXD,Victor,false,true,2020-07-29T03:14:06Z
Donnie Dicken,ddicken5n@zimbio.com,+39-762-778-0887,Male,sv,IT,T63614S,,false,true,2018-05-03T23:46:49Z
Eustacia Rolston,erolston5o@springer.com,+46-413-194-5896,Female,de,SE,A490,Sierra,false,false,2018-04-30T10:14:43Z
Zacherie Buckell,zbuckell5p@aboutads.info,+1-815-322-3191,Male,it,US,,,true,true,2018-03-29T12:14:57Z
Carmelita Maynell,cmaynell5q@slate.com,+46-554-987-0369,Female,fr,SE,R098,,true,false,2018-03-13T00:30:35Z
Delaney Kingswood,dkingswood5r@google.fr,+33-572-493-6511,Male,fr,FR,,Echo,,,2018-11-23T11:51:53Z
Natasha Binnall,nbinnall5s@si.edu,+46-590-244-9843,Female,fr,SE,,,true,false,2020-03-29T16:52:19Z
Jelene Copland,,+1-405-104-1756,Female,,,,Victor,true,false,2018-04-01T03:59:47Z
Edi Flobert,eflobert5u@hc360.com,+1-804-959-5565,Female,it,US,S42011B,,false,true,2019-07-24T05:45:00Z
Ermengarde Fearick,efearick5v@stumbleupon.com,+46-232-288-2885,Female,,SE,H594,,true,true,2019-11-16T21:34:17Z
Laurena Pennoni,lpennoni5w@sohu.com,+46-243-649-5432,Female,fr,SE,W2101,,true,false,2019-07-02T04:29:50Z
Tresa Punch,tpunch5x@smh.com.au,+46-723-538-5125,Female,,SE,,,false,false,2020-07-10T22:25:50Z
Zachery Dawidowsky,zdawidowsky5y@ovh.net,+33-385-574-7393,Male,de,FR,S52331C,Whiskey,true,false,2019-07-08T10:11:05Z
Roseanne Woodroffe,rwoodroffe5z@linkedin.com,+1-940-351-3925,Female,fr,US,,,false,true,2019-02-25T20:21:46Z
Melonie Tierny,mtierny60@ft.com,+33-128-898-3377,Female,es,FR,X748,,false,true,2018-09-05T09:24:22Z
Duncan Caselick,dcaselick61@amazonaws.com,+1-713-397-1681,Male,,US,,,,,2020-01-13T09:34:40Z
Caty Reeder,creeder62@state.gov,+1-325-137-8921,Female,,US,,,true,false,2019-01-12T20:14:01Z
Agnola Crannage,acrannage63@hatena.ne.jp,+33-452-400-3781,Female,es,FR,T592X1D,,false,true,2019-10-21T15:51:08Z
Horst Burnett,hburnett64@sakura.ne.jp,+33-108-476-9510,Male,it,FR,A420,,true,false,2018-08-11T07:42:43Z
Raimundo Chatenet,rchatenet65@alibaba.com,+33-300-973-8910,Male,de,FR,,,,,2019-05-08T18:52:08Z
Cullen Erington,cerington66@weather.com,+1-505-854-9427,Male,fr,US,,Victor,,,2018-05-07T22:08:32Z
Dar Shapero,dshapero67@bloglovin.com,+46-724-218-7052,Male,fr,SE,W5611XD,,false,true,2018-04-30T14:36:40Z
Heidi Piffe,,+1-205-359-8175,Female,de,,,,true,true,2018-03-21T19:45:51Z
Ashlen Norree,anorree69@people.com.cn,+46-907-327-5778,Female,,SE,,,false,false,2019-06-16T22:39:00Z
Reggis Maleck,rmaleck6a@wikispaces.com,+46-111-959-6646,Male,,SE,,Hotel,false,true,2020-07-10T02:40:56Z
Corabelle Pape,cpape6b@java.com,+46-430-814-9384,Female,es,SE,,,true,false,2020-01-19T23:25:05Z
Eula Hext,ehext6c@goo.gl,+1-330-317-2040,Female,nl,US,,,false,true,2020-08-09T04:15:04Z
Emiline Slayford,eslayford6d@usnews.com,+1-636-662-8882,Female,de,US,M21522,,false,false,2018-08-01T07:04:52Z
Viviene Greenleaf,vgreenleaf6e@washingtonpost.com,+1-901-730-4547,Female,it,US,,November,true,true,2019-05-16T19:20:06Z
Hunter Dudgeon,,+46-866-565-5830,Male,nl,,,Papa,false,false,2020-02-13T22:38:12Z
Bruno Cockshot,bcockshot6g@feedburner.com,+46-657-575-5338,Male,de,SE,,November,false,true,2018-08-03T06:15:10Z
Gerard Lowre,glowre6h@shop-pro.jp,+33-978-962-2877,Male,,FR,T2171XD,,false,false,2018-07-02T00:18:22Z
Jean Easbie,jeasbie6i@webeden.co.uk,+1-410-402-4639,Female,es,US,,Sierra,false,false,2020-07-29T04:30:05Z
Muffin De Metz,mde6j@devhub.com,+33-907-284-7523,Female,es,FR,V4393XA,,,,2019-01-14T04:48:37Z
Ulrika Birbeck,ubirbeck6k@topsy.com,+46-664-930-5884,Female,fr,SE,S21422D,,true,true,2019-05-26T11:14:48Z
Nicol Dunbavin,ndunbavin6l@wikipedia.org,+46-890-338-2191,Male,en,SE,T2144XS,November,false,false,2018-09-10T16:08:34Z
Kissie Feedome,kfeedome6m@usnews.com,+46-957-585-5776,Female,nl,SE,,,false,true,2019-05-27T06:35:04Z
Bronny Delatour,bdelatour6n@cafepress.com,+46-975-306-9776,Male,es,SE,S53091,,true,false,2020-02-15T13:35:16Z
Angeline Stace,astace6o@a8.net,+1-337-621-7579,Female,nl,US,,Quebec,true,false,2019-09-01T04:19:03Z
Tansy Langan,tlangan6p@thetimes.co.uk,+46-420-955-0774,Female,,SE,T522X3S,,false,false,2019-05-22T20:53:10Z
Udell Olivazzi,uolivazzi6q@admin.ch,+46-965-545-1253,Male,,SE,S56102A,Delta,true,false,2019-07-30T21:18:10Z
Constantin Rohan,crohan6r@utexas.edu,+46-243-350-0408,Male,en,SE,S5491,,true,true,2018-03-13T05:57:07Z
Tomasina Monini,tmonini6s@businessinsider.com,+46-453-311-8419,Female,es,SE,,,true,true,2018-04-23T15:36:21Z
Beverly Arnald,barnald6t@opera.com,+46-622-357-6625,Female,de,SE,,,true,true,2018-08-21T18:10:15Z
Jarrad Larwood,jlarwood6u@hhs.gov,+46-835-669-3492,Male,de,SE,,,true,false,2018-04-24T20:14:00Z
Jeralee Harper,jharper6v@canalblog.com,+1-202-420-1821,Female,fr,US,,,true,true,2019-07-17T10:42:44Z
Miner Lomasna,mlomasna6w@psu.edu,+1-817-768-0342,Male,fr,US,,,true,true,2019-11-13T08:21:39Z
Lynnet McGiveen,lmcgiveen6x@privacy.gov.au,+46-806-877-8662,Female,nl,SE,,,false,false,2019-05-10T02:44:07Z
Mannie Sher,msher6y@abc.net.au,+46-911-831-7946,Male,it,SE,,,false,true,2019-04-01T21:22:09Z
Marcile Buggy,mbuggy6z@webnode.com,+33-354-840-0915,Female,de,FR,S66019,,false,false,2018-07-27T23:20:17Z
Brandtr Edgley,bedgley70@technorati.com,+33-622-311-4991,Male,fr,FR,,,false,true,2019-11-26T12:52:49Z
Dorrie Cadwaladr,dcadwaladr71@aol.com,+1-229-965-8016,Female,fr,US,,Yankee,false,false,2018-03-08T14:25:03Z
Catie Buckoke,cbuckoke72@google.com.au,+33-516-128-7970,Female,en,FR,I651,,false,false,2019-08-21T12:33:11Z
Richart Wagen,rwagen73@webs.com,+33-597-410-5601,Male,it,FR,B78,,false,false,2018-10-19T16:09:15Z
Lutero Galletly,lgalletly74@epa.gov,+1-781-350-7842,Male,it,US,S52312A,,false,false,2019-07-06T18:06:13Z
Chrystel Leffek,,+33-844-620-1903,Female,fr,,D3A02,,true,true,2020-07-10T04:59:56Z
Michele Gonzales,,+46-878-432-5746,Female,es,,S20449A,,true,false,2019-03-21T18:28:43Z
Susan Hadden,,+46-852-763-6523,Female,es,,T22749S,Victor,true,false,2020-06-22T21:54:40Z
Kale Disney,kdisney78@bloglovin.com,+33-862-125-8550,Male,es,FR,,,false,false,2019-04-29T12:04:23Z
Drew Cazereau,dcazereau79@bluehost.com,+46-879-412-6557,Male,it,SE,T373X4S,,true,true,2019-07-29T12:25:47Z
Derrik Easterby,deasterby7a@parallels.com,+46-410-806-8209,Male,de,SE,S92425P,,,,2019-02-22T02:27:43Z
Rik Fells,rfells7b@nih.gov,+1-414-160-0880,Male,sv,US,,,true,false,2019-05-21T08:19:17Z
Orsola Sames,osames7c@acquirethisname.com,+33-369-870-8422,Female,fr,FR,,,true,false,2018-03-04T17:17:25Z
Estele Cowling,ecowling7d@sciencedirect.com,+33-385-722-4500,Female,de,FR,M7137,,false,false,2018-08-21T06:40:25Z
Laurene Beeho,lbeeho7e@freewebs.com,+1-401-670-8588,Female,it,US,,,true,false,2019-04-23T22:39:30Z
Nils Ielden,nielden7f@cbc.ca,+46-609-957-4029,Male,de,SE,,,true,false,2019-07-07T05:08:26Z
Beverlee Di Bernardo,bdi7g@devhub.com,+1-228-809-1333,Female,,US,,,true,false,2020-06-24T23:28:10Z
Garik Osbourn,gosbourn7h@loc.gov,+33-398-982-3629,Male,sv,FR,,,true,false,2019-11-14T03:41:02Z
Gussie Heersema,,+46-542-104-7232,Female,fr,,W64,Alfa,false,true,2019-07-03T03:42:55Z
Pembroke Kitman,pkitman7j@earthlink.net,+33-834-467-2110,Male,,FR,T442X6S,,false,true,2019-02-05T03:22:46Z
Tierney Rowbrey,trowbrey7k@ning.com,+1-915-110-7366,Female,it,US,S42434K,,true,false,2018-06-15T12:33:47Z
Lilah Normanville,lnormanville7l@un.org,+46-207-311-4707,Female,it,SE,,,false,true,2018-07-16T22:38:29Z
Delcine Proudley,dproudley7m@statcounter.com,+33-979-368-1505,Female,es,FR,O367,,false,false,2019-12-10T01:35:19Z
Noby Wyvill,nwyvill7n@dell.com,+33-121-436-9604,Male,fr,FR,Y92411,,true,true,2018-10-26T14:23:56Z
Wynn Milius,wmilius7o@walmart.com,+33-972-964-1177,Female,,FR,,Golf,,,2020-02-28T02:26:13Z
Sheff Da Costa,sda7p@theguardian.com,+1-210-431-3237,Male,fr,US,S55202A,,true,true,2018-05-17T12:13:39Z
Lynne Blenkin,lblenkin7q@google.co.jp,+33-666-893-2933,Female,it,FR,,,true,false,2020-08-22T06:50:34Z
Marcy Odgaard,modgaard7r@mapy.cz,+33-537-472-0512,Female,fr,FR,S32008D,,true,false,2020-03-11T03:07:36Z
Marje Ondrich,mondrich7s@salon.com,+46-223-539-0367,Female,sv,SE,,,false,false,2018-05-21T08:14:53Z
Cortie Sucre,,+33-293-874-5373,Male,nl,,S301XXS,,false,true,2019-02-22T21:05:49Z
Gillie Winks,gwinks7u@squarespace.com,+1-571-202-8121,Female,,US,,Mike,false,true,2020-04-10T04:59:14Z
Donnell Durning,ddurning7v@g.co,+33-908-335-0131,Male,es,FR,V573XXS,,false,true,2018-12-11T03:25:02Z
Silvan Reddoch,sreddoch7w@msu.edu,+46-976-101-9008,Male,es,SE,,,true,false,2019-08-29T02:54:05Z
Matthew Crebott,,+46-480-404-2182,Male,en,,,,false,false,2020-06-11T05:33:10Z
Brucie Eleshenar,beleshenar7y@1und1.de,+46-253-578-1767,Male,sv,SE,,,true,false,2019-11-13T01:22:25Z
Jennine Eatock,,+33-302-187-8729,Female,fr,,Q17,,false,false,2019-07-07T01:38:43Z
Chadd Maddaford,cmaddaford80@tripadvisor.com,+46-875-706-1955,Male,de,SE,,,false,false,2019-04-12T09:11:46Z
Jacintha Popland,jpopland81@sciencedirect.com,+46-150-774-6613,Female,de,SE,,,false,true,2018-12-25T16:42:57Z
Rosella Sowerby,rsowerby82@usda.gov,+1-516-487-6851,Female,es,US,S72465G,,false,true,2018-09-05T13:04:37Z
Alexandros Bartos,,+46-958-838-6716,Male,fr,,,,false,true,2019-10-31T07:32:24Z
Vance Chadwen,vchadwen84@ehow.com,+46-255-244-3186,Male,,SE,,,true,false,2019-03-03T01:42:47Z
Mikael Calloway,,+46-710-755-4552,Male,fr,,T749,,true,true,2020-06-05T03:22:45Z
Goraud Furzey,,+1-713-598-7813,Male,nl,,,,true,true,2019-05-14T07:44:53Z
Rivkah Atkins,ratkins87@themeforest.net,+33-640-617-7685,Female,nl,FR,T2116XA,,false,true,2020-02-06T20:01:58Z
Lucien Gladyer,lgladyer88@techcrunch.com,+33-389-419-9651,Male,es,FR,Y3502,,false,true,2018-12-16T17:00:05Z
Sterling Huson,shuson89@youtu.be,+1-518-421-0850,Male,fr,US,S13120A,Quebec,true,true,2019-05-25T03:53:42Z
Aloin Micallef,amicallef8a@mozilla.com,+1-727-363-6740,Male,nl,US,,Victor,false,true,2020-04-09T12:10:57Z
Ilene Bramhall,ibramhall8b@nhs.uk,+33-933-781-1485,Female,nl,FR,,Victor,true,true,2019-07-04T23:55:18Z
Niven Bakesef,nbakesef8c@jiathis.com,+44-818-273-9614,Male,fr,GB,,,false,false,2018-03-30T17:05:19Z
Ruthann Swaite,rswaite8d@census.gov,+46-982-642-6015,Female,fr,SE,,,true,true,2020-03-10T15:11:16Z
Miranda Hyndman,mhyndman8e@rediff.com,+33-176-967-1016,Female,de,FR,,,false,false,2020-02-14T07:38:22Z
Leonie Sharphurst,lsharphurst8f@who.int,+33-508-942-7067,Female,de,FR,,,false,false,2018-04-22T08:41:11Z
Donelle Kempshall,dkempshall8g@senate.gov,+46-458-969-9471,Female,en,SE,,,true,true,2019-03-21T03:01:59Z
Kamilah Vagges,kvagges8h@jugem.jp,+46-850-293-0575,Female,,SE,,Hotel,true,true,2019-09-16T08:11:32Z
Cicily Callan,,+33-906-271-5622,Female,fr,,,,false,true,2019-10-11T18:51:09Z
Hildy Dasent,hdasent8j@lycos.com,+1-205-929-9129,Female,fr,US,,,false,false,2020-02-12T18:29:45Z
Willi Shay,wshay8k@studiopress.com,+33-708-640-3503,Male,,FR,O09513,,true,true,2019-10-02T17:04:10Z
Osbourne Scullion,oscullion8l@blogger.com,+33-642-942-6271,Male,it,FR,T387X3S,,true,false,2018-05-22T03:02:41Z
Elset Ockleshaw,eockleshaw8m@odnoklassniki.ru,+1-850-625-5012,Female,en,US,S42441S,,true,false,2018-03-10T22:01:26Z
Raymond Alessandretti,,+1-702-617-1425,Male,fr,,,,true,true,2019-03-22T18:37:20Z
Lamont Acedo,,+33-844-219-4253,Male,de,,,,false,false,2018-12-01T21:51:37Z
Ashely Noden,anoden8p@unicef.org,+1-915-967-5733,Female,it,US,S32436,,,,2019-11-20T10:57:07Z
Robin Jorger,rjorger8q@yellowbook.com,+46-331-772-5271,Male,,SE,,,true,true,2019-07-09T02:31:24Z
Rodolfo Reiners,rreiners8r@lycos.com,+1-646-153-8965,Male,de,US,,Oscar,false,false,2019-11-01T10:19:10Z
Sanderson Bunclark,sbunclark8s@bravesites.com,+33-906-764-4852,Male,nl,FR,,,true,true,2018-10-08T05:54:35Z
Whit Deignan,,+46-492-789-6379,Male,de,,,,false,false,2020-04-14T17:17:42Z
Sherwood Judson,sjudson8u@parallels.com,+46-561-364-3680,Male,de,SE,C028,,true,false,2020-01-31T00:16:29Z
Kathi Reichartz,kreichartz8v@topsy.com,+1-360-221-3611,Female,es,US,,Echo,false,true,2020-05-05T13:32:52Z
Noland Sparkes,,+33-135-612-8965,Male,en,,H3504,Hotel,false,true,2020-04-05T11:15:23Z
Travus Powdrill,,+1-786-854-1367,Male,fr,,T71152A,,false,false,2019-06-04T10:50:22Z
Merry Fernely,,+46-653-341-3686,Male,es,,,,false,false,2020-07-20T11:29:08Z
Dalis Crickett,,+46-708-551-4568,Male,fr,,,,false,false,2020-02-23T05:38:45Z
Wilhelmine Gayter,wgayter90@nifty.com,+46-581-451-9495,Female,it,SE,T571X2,,true,false,2020-01-25T18:56:45Z
Ebba Ferraretto,eferraretto91@va.gov,+46-555-407-0981,Female,,SE,S0930,,false,false,2020-08-27T09:30:33Z
Karla Leeke,kleeke92@msn.com,+33-907-280-8746,Female,es,FR,M06272,,false,false,2020-07-09T12:30:37Z
Katti Pardon,kpardon93@cafepress.com,+33-567-186-3530,Female,,FR,L89503,,false,true,2019-05-06T19:30:10Z
Josephine Extil,jextil94@dailymail.co.uk,+1-937-737-9214,Female,es,US,H02101,Delta,true,false,2020-01-09T09:55:40Z
Ardith Noen,anoen95@nba.com,+1-512-483-1793,Female,es,US,S91244S,,false,true,2018-08-16T01:19:18Z
Wynn Abbatt,wabbatt96@bbc.co.uk,+33-691-983-8413,Female,,FR,S52354P,,,,2020-05-29T10:46:40Z
Ruthe Cauthra,rcauthra97@nih.gov,+46-510-724-1059,Female,nl,SE,,,false,false,2018-08-11T23:16:07Z
Brannon Depke,bdepke98@cyberchimps.com,+46-984-230-4678,Male,it,SE,S43142A,,false,true,2018-04-04T15:02:49Z
Franz Sterland,fsterland99@flickr.com,+33-743-485-1157,Male,it,FR,T481X4D,X-ray,,,2018-08-12T03:43:24Z
Kimmi Ishchenko,kishchenko9a@newsvine.com,+1-434-267-1742,Female,fr,US,S06349D,,false,true,2019-01-19T02:22:10Z
Josiah Pavy,jpavy9b@wikipedia.org,+33-651-586-2899,Male,de,FR,S4992,,,,2019-04-11T13:35:18Z
Kelley Plowright,,+33-118-146-3696,Female,it,,,,true,false,2020-03-15T00:00:57Z
Harcourt Enns,henns9d@last.fm,+46-156-150-8335,Male,it,SE,,,false,false,2019-10-20T19:54:44Z
Cliff Thickens,cthickens9e@cnbc.com,+33-162-657-5483,Male,fr,FR,,,false,true,2019-09-25T08:00:33Z
Hayley Collinwood,hcollinwood9f@webmd.com,+1-812-409-3464,Female,nl,US,M65272,,true,false,2019-05-01T09:21:42Z
Aldous Donnison,adonnison9g@mashable.com,+1-251-182-3467,Male,fr,US,,,false,false,2020-05-14T13:33:45Z
Bartlett Ireland,bireland9h@vkontakte.ru,+1-513-973-9313,Male,en,US,T5392XA,,true,false,2019-11-07T23:20:00Z
Wilbert Haddeston,whaddeston9i@biblegateway.com,+33-433-938-2477,Male,it,FR,,,true,false,2019-03-30T17:41:48Z
Otto Eisikovitsh,oeisikovitsh9j@trellian.com,+33-155-280-2125,Male,es,FR,V9544,Uniform,false,true,2018-11-07T13:36:50Z
Alaine Catterall,acatterall9k@zdnet.com,+1-405-435-1722,Female,en,US,,,true,false,2018-12-23T21:52:42Z
Si Ganing,sganing9l@linkedin.com,+33-459-265-8243,Male,nl,FR,S51022,,true,false,2018-05-28T00:29:46Z
Rex Van Arsdall,,+46-778-398-6836,Male,en,,S72436Q,,false,false,2019-01-17T00:08:54Z
Dun Hanlin,dhanlin9n@forbes.com,+33-903-821-3227,Male,fr,FR,I80201,,true,false,2019-03-06T21:49:25Z
Pail Jarry,pjarry9o@reddit.com,+46-570-111-7538,Male,fr,SE,V731XXS,,false,false,2019-08-11T18:02:46Z
Verge Gawthorp,,+33-855-619-2375,Male,fr,,S42011G,,true,true,2020-02-01T13:52:30Z
Rosaline Bydaway,rbydaway9q@bravesites.com,+46-223-850-5328,Female,sv,SE,,,false,false,2018-07-20T19:01:26Z
Ryon Vooght,rvooght9r@techcrunch.com,+46-167-388-2484,Male,sv,SE,,,false,true,2019-08-03T03:39:42Z
Wiatt Lackeye,wlackeye9s@rambler.ru,+1-843-416-0900,Male,es,US,,X-ray,false,true,2018-05-24T17:31:32Z
Floris Toone,ftoone9t@indiatimes.com,+1-319-697-6744,Female,,US,S20429A,,false,true,2019-04-18T03:12:08Z
Dewain Guerra,,+1-704-476-6222,Male,fr,,S42122K,,true,true,2020-05-04T05:00:39Z
Sigrid Badini,sbadini9v@skype.com,+46-568-604-2125,Female,it,SE,V282XXD,,true,false,2018-12-02T23:23:20Z
Debbi Thompstone,dthompstone9w@a8.net,+46-853-332-8553,Female,it,SE,,,true,true,2019-04-05T03:56:40Z
Sim McIan,smcian9x@sohu.com,+33-423-573-2064,Male,fr,FR,,,true,false,2019-11-14T16:01:14Z
Amanda McQuilliam,amcquilliam9y@aol.com,+1-703-605-8410,Female,es,US,J47,,false,true,2018-04-17T07:18:57Z
Jo Fonteyne,jfonteyne9z@phpbb.com,+33-162-219-1992,Male,fr,FR,S32032D,Juliett,false,false,2019-07-20T20:15:49Z
Trace Zannotti,tzannottia0@mtv.com,+33-247-547-2568,Male,en,FR,,,false,true,2020-07-29T18:36:21Z
Val Estcot,vestcota1@e-recht24.de,+33-445-839-0507,Female,fr,FR,O468,,false,true,2018-04-08T15:48:38Z
Bathsheba Gillison,,+46-308-772-5587,Female,fr,,,,true,false,2020-02-08T16:35:08Z
Cyndia Laughton,claughtona3@odnoklassniki.ru,+46-367-453-9942,Female,sv,SE,,,true,true,2020-01-24T12:43:06Z
Bennie Cockshtt,bcockshtta4@printfriendly.com,+33-797-175-7964,Male,it,FR,,,true,false,2020-07-25T07:21:55Z
Clim Zanni,czannia5@intel.com,+1-405-190-0138,Male,nl,US,S062X0A,Romeo,true,false,2019-10-30T01:52:33Z
Trista O'Hannen,tohannena6@deviantart.com,+1-901-502-9203,Female,sv,US,,,,,2020-05-28T19:22:38Z
Onfroi Geri,ogeria7@cloudflare.com,+33-953-933-2328,Male,fr,FR,L682,,true,false,2018-03-14T02:21:54Z
Barton Hambleton,bhambletona8@google.it,+1-304-188-5230,Male,nl,US,,,true,true,2018-08-24T21:38:09Z
Rube Ballintime,rballintimea9@answers.com,+33-905-419-7808,Male,it,FR,R87610,,false,true,2019-07-03T20:11:17Z
Hurley Resdale,hresdaleaa@patch.com,+33-574-686-3070,Male,sv,FR,,,true,true,2018-09-25T14:32:28Z
Johnathon Balmer,jbalmerab@telegraph.co.uk,+46-865-109-5113,Male,fr,SE,,,true,true,2019-04-30T02:51:27Z
Leonid Livsey,llivseyac@arizona.edu,+33-201-731-7178,Male,it,FR,,,false,true,2018-08-10T08:50:12Z
Shari Marquet,,+46-454-305-6217,Female,de,,,,true,false,2018-08-12T23:17:46Z
Cecilius Goade,cgoadeae@army.mil,+1-281-806-2080,Male,it,US,F13951,,true,true,2020-07-02T05:08:39Z
Harli Clynman,hclynmanaf@cnet.com,+33-342-948-6843,Female,en,FR,,,true,false,2020-02-26T05:36:21Z
Chiquia Warder,cwarderag@slideshare.net,+33-453-293-0780,Female,fr,FR,T39012,,true,true,2019-07-17T23:47:17Z
Sisile Abethell,sabethellah@webs.com,+46-225-317-6111,Female,nl,SE,T63112A,,false,false,2019-09-05T11:17:28Z
Mia Brookfield,mbrookfieldai@fastcompany.com,+33-897-113-0037,Female,de,FR,,,false,true,2019-01-26T13:40:11Z
Ulrica Leyzell,uleyzellaj@bloomberg.com,+1-413-622-8265,Female,fr,US,,,false,false,2019-04-02T13:44:17Z
Barby Kindred,bkindredak@dailymail.co.uk,+1-214-424-2538,Female,,US,,,false,false,2019-09-01T22:38:02Z
Fanny Fieldhouse,,+1-785-361-2122,Female,fr,,S65319,,false,false,2019-05-18T11:20:23Z
Monty Polin,mpolinam@mtv.com,+46-526-202-3178,Male,de,SE,T59811A,,false,false,2019-12-25T07:07:37Z
Amos Sergant,asergantan@t-online.de,+1-225-871-2016,Male,,US,H3537,,false,true,2019-05-08T21:23:02Z
Levon Godfrey,lgodfreyao@tinyurl.com,+33-981-640-4085,Male,de,FR,S91,,,,2018-04-16T01:38:26Z
Atalanta Crassweller,acrasswellerap@yellowbook.com,+1-781-808-2397,Female,fr,US,H1111,,true,true,2018-07-21T09:32:49Z
Page Minshall,pminshallaq@meetup.com,+46-797-979-5997,Male,fr,SE,,,true,true,2020-05-03T04:11:58Z
Marylynne MacAlpine,,+33-738-214-5260,Female,en,,D051,,true,true,2018-10-01T13:32:46Z
Alonzo Andrzej,aandrzejas@live.com,+1-850-611-9413,Male,es,US,S91329A,,false,true,2020-05-19T18:12:59Z
Regina Peasee,rpeaseeat@ocn.ne.jp,+33-270-363-5192,Female,fr,FR,T84226D,,,,2019-05-24T06:20:55Z
Vivyan Langcaster,vlangcasterau@networksolutions.com,+1-916-230-0445,Female,,US,,Foxtrot,false,true,2020-06-10T10:05:00Z
Vernon Hairon,,+46-791-340-6858,Male,es,,,,true,false,2020-04-21T20:06:22Z
Britteny Franz-Schoninger,,+46-111-261-0426,Female,fr,,S56124D,Lima,false,true,2020-07-21T00:40:19Z
Jo-ann Mucklow,,+1-305-987-5803,Female,de,,,,true,true,2019-09-29T02:17:49Z
Udell Allberry,uallberryay@weibo.com,+1-334-217-8807,Male,fr,US,,Tango,true,true,2019-02-21T00:45:52Z
Joel Boschmann,jboschmannaz@bloglovin.com,+46-618-976-0418,Male,en,SE,S82101M,X-ray,false,true,2018-04-12T22:59:33Z
Livia Ambrozewicz,lambrozewiczb0@umich.edu,+33-862-726-9678,Female,sv,FR,,India,true,true,2018-11-05T13:52:44Z
Micaela Zaczek,mzaczekb1@gizmodo.com,+46-506-500-8514,Female,fr,SE,S0341XS,,,,2019-08-17T00:19:12Z
Konrad Jannasch,kjannaschb2@redcross.org,+39-383-645-4561,Male,sv,IT,,,false,false,2019-06-07T21:48:23Z
Janela Farncomb,,+46-221-692-0282,Female,fr,,,,false,true,2018-09-01T05:24:01Z
Georgetta Keets,gkeetsb4@themeforest.net,+33-248-486-7580,Female,de,FR,S31502S,,false,true,2019-02-16T05:45:10Z
Kerry McFeate,kmcfeateb5@etsy.com,+33-130-593-5699,Female,it,FR,,,,,2019-09-05T06:50:05Z
Melina Bargh,mbarghb6@yale.edu,+1-703-690-4762,Female,es,US,,,false,false,2019-12-14T09:33:11Z
Emelen Brierley,ebrierleyb7@arstechnica.com,+33-334-653-5678,Male,sv,FR,T1592XD,,true,true,2020-02-24T13:00:13Z
Tucker Arnaud,tarnaudb8@uiuc.edu,+1-813-442-6134,Male,en,US,S62164,,false,true,2020-03-26T03:54:37Z
Melany Breen,mbreenb9@shareasale.com,+46-783-794-6454,Female,nl,SE,S92912A,,true,true,2020-01-02T00:52:25Z
Cherida Obeney,,+46-564-960-3693,Female,nl,,Z602,,true,false,2020-05-25T21:00:57Z
Heida Questier,hquestierbb@businesswire.com,+44-314-949-6213,Female,es,GB,S32412K,,false,true,2019-04-04T17:30:41Z
Jermayne Cunniam,,+46-850-120-8271,Male,it,,,Mike,true,true,2019-06-21T06:11:57Z
Maryrose Moorey,mmooreybd@abc.net.au,+1-419-934-0404,Female,en,US,T441X4,,true,true,2019-01-16T14:01:46Z
Naomi Harsnipe,nharsnipebe@sourceforge.net,+46-407-684-5417,Female,sv,SE,,,false,true,2019-10-12T13:10:40Z
Armstrong Constable,aconstablebf@etsy.com,+1-202-755-9326,Male,de,US,S42424B,,,,2019-08-18T22:57:50Z
Alasteir Lax,,+1-202-752-1967,Male,de,,S63142S,,,,2018-03-29T14:33:50Z
Chiarra Boutellier,cboutellierbh@mtv.com,+33-383-102-5850,Female,fr,FR,,,true,false,2018-04-04T07:59:40Z
Adriaens Boughen,aboughenbi@senate.gov,+46-943-473-2901,Female,fr,SE,W04XXXD,,true,true,2019-05-26T00:35:42Z
Robinet Werny,rwernybj@dagondesign.com,+44-589-814-7650,Female,it,GB,,Delta,false,true,2020-02-19T09:16:22Z
Packston Velten,pveltenbk@wordpress.org,+1-336-397-9107,Male,,US,,,false,false,2020-03-30T07:51:56Z
Griffin Conningham,gconninghambl@ebay.co.uk,+1-303-888-8069,Male,,US,S55902A,,false,true,2020-04-09T01:25:14Z
Rosalind Rewcassell,,+46-911-426-6348,Female,it,,,Lima,true,false,2018-07-27T18:21:16Z
Jilly Rutherford,jrutherfordbn@creativecommons.org,+33-596-927-5219,Female,nl,FR,S5330XS,,true,true,2020-07-10T01:16:40Z
Thorndike Coultard,tcoultardbo@tripod.com,+33-143-448-4973,Male,en,FR,,Victor,true,false,2018-09-19T07:59:01Z
Gertrud Pleming,,+39-587-863-6750,Female,en,,M8715,,true,true,2019-09-15T03:04:34Z
Kingston Nyssens,,+44-393-374-4994,Male,es,,,,true,true,2018-08-12T03:14:45Z
Blanch Rangell,brangellbr@redcross.org,+33-238-707-2861,Female,es,FR,,,false,true,2019-04-12T09:23:57Z
Cari Cowely,ccowelybs@uol.com.br,+1-215-193-9297,Female,fr,US,,,true,false,2020-06-20T01:42:32Z
Willie Peatman,wpeatmanbt@berkeley.edu,+46-107-774-6737,Female,en,SE,S0211BG,,false,true,2018-07-17T05:01:10Z
Berne Spehr,bspehrbu@home.pl,+33-774-908-4103,Male,nl,FR,S55991,,false,false,2020-01-10T00:41:22Z
Phaedra Guite,pguitebv@squarespace.com,+1-904-296-8928,Female,es,US,,,false,true,2019-08-23T19:29:34Z
Granger Theyer,,+33-442-584-0798,Male,fr,,Q5039,,false,true,2019-06-10T11:19:18Z
Marmaduke Berridge,mberridgebx@nps.gov,+33-885-620-8804,Male,es,FR,S6349,,true,false,2020-07-07T06:48:19Z
Anthony Blazdell,ablazdellby@pagesperso-orange.fr,+44-244-796-5443,Male,es,GB,,,false,false,2018-08-30T22:44:46Z
Basile Dorling,bdorlingbz@disqus.com,+1-757-786-0508,Male,fr,US,L0312,,false,true,2019-03-05T05:11:08Z
Fred Sainter,fsainterc0@npr.org,+1-412-677-2464,Male,fr,US,,,false,false,2019-12-04T02:34:34Z
Jeanette Cartan,jcartanc1@vimeo.com,+33-547-855-4145,Female,nl,FR,T3695,Juliett,true,true,2018-07-08T20:29:08Z
Theressa Housley,thousleyc2@gnu.org,+33-977-531-1487,Female,fr,FR,,,false,true,2020-02-09T15:44:48Z
Sabina Kerslake,skerslakec3@lycos.com,+1-907-611-8280,Female,nl,US,,,false,true,2018-06-01T16:32:33Z
Ramsay Twinterman,rtwintermanc4@mail.ru,+33-284-132-9436,Male,sv,FR,H4481,,false,false,2019-10-18T02:06:04Z
Hillel Thresher,hthresherc5@arstechnica.com,+46-896-564-6510,Male,fr,SE,,,true,false,2019-04-02T06:38:47Z
Gayleen Ayer,gayerc6@slashdot.org,+33-661-704-8281,Female,es,FR,,,true,true,2019-05-22T12:31:59Z
Gabriele Aldington,galdingtonc7@ehow.com,+46-433-765-7574,Male,de,SE,,Juliett,false,false,2020-02-17T11:10:13Z
Adrian Cummins,acumminsc8@goo.ne.jp,+1-602-234-8277,Male,en,US,,,false,false,2019-07-03T00:17:16Z
Gardiner Pescott,gpescottc9@gizmodo.com,+1-770-204-4861,Male,,US,Y248,,true,true,2019-11-28T22:43:53Z
Maire Bonnyson,mbonnysonca@buzzfeed.com,+39-752-989-8921,Female,it,IT,,,true,true,2018-10-31T00:04:24Z
Sinclare Flury,,+1-805-938-1533,Male,it,,S130,,true,true,2020-03-13T02:25:58Z
Duky Hawken,dhawkencc@nifty.com,+33-753-742-4073,Male,fr,FR,,,true,false,2019-03-02T20:03:09Z
Godfree Harrinson,gharrinsoncd@51.la,+46-440-210-0138,Male,fr,SE,,,true,true,2019-03-13T23:52:14Z
Tadeo Winterscale,twinterscalece@auda.org.au,+46-900-580-8596,Male,fr,SE,S062X5,Foxtrot,false,true,2019-01-31T10:46:32Z
Cristiano Burnard,cburnardcf@noaa.gov,+33-322-456-6063,Male,fr,FR,S52514K,,false,false,2018-04-24T03:38:49Z
Talyah Sowrah,tsowrahcg@walmart.com,+33-164-828-5055,Female,de,FR,,,false,false,2019-11-12T09:54:12Z
Cleopatra Millin,cmillinch@pcworld.com,+33-904-604-2624,Female,de,FR,,,true,false,2018-11-30T15:40:52Z
Kenon Novik,knovikci@devhub.com,+1-209-321-1778,Male,nl,US,V8603,,true,false,2019-05-30T23:25:30Z
Yelena Henbury,yhenburycj@weibo.com,+46-532-259-3124,Female,en,SE,,Alfa,false,false,2019-10-12T01:54:02Z
Mathe Morrallee,mmorralleeck@wikia.com,+46-904-285-0086,Male,fr,SE,,November,true,false,2020-07-29T14:23:08Z
Shell Yuryev,,+33-588-691-4369,Female,sv,,S49139A,,true,true,2018-03-12T06:00:45Z
Jehu McCrum,jmccrumcm@dion.ne.jp,+33-273-491-6411,Male,en,FR,H21241,Whiskey,true,false,2020-02-23T22:03:40Z
Archaimbaud Tranter,atrantercn@dmoz.org,+44-719-661-4201,Male,sv,GB,E103313,,true,true,2020-07-16T07:37:58Z
Kare Simes,,+44-539-896-9178,Female,fr,,V131XXA,,true,true,2019-02-03T11:26:14Z
Gwenore Duetsche,gduetschecp@washingtonpost.com,+1-323-349-8978,Female,it,US,S91359D,,true,true,2018-05-05T02:19:44Z
Georas Caulder,gcauldercq@ucoz.com,+33-851-386-0333,Male,nl,FR,,,true,false,2018-08-18T06:07:48Z
Netti Colleton,ncolletoncr@twitter.com,+46-811-773-9561,Female,en,SE,,,true,true,2018-09-27T01:39:27Z
Alverta Gounard,agounardcs@usa.gov,+33-101-974-2330,Female,es,FR,,,true,true,2020-04-14T13:47:27Z
Antonin Bodman,abodmanct@gmpg.org,+46-301-486-2164,Male,sv,SE,I70408,,false,true,2018-08-11T18:22:55Z
Cash Curnick,ccurnickcu@sfgate.com,+33-774-631-6160,Male,nl,FR,,,false,false,2020-06-23T13:37:04Z
Gardie Jordine,gjordinecv@sakura.ne.jp,+1-281-415-1044,Male,it,US,H70012,,true,true,2018-05-17T18:53:41Z
Barrett Whapples,,+33-395-826-1490,Male,es,,T43621D,,false,false,2020-08-17T18:28:47Z
Dolly Sullly,dsulllycx@loc.gov,+33-211-558-4672,Female,fr,FR,,,true,true,2018-07-16T06:11:35Z
Leena Thorley,lthorleycy@mapy.cz,+33-390-162-1455,Female,,FR,,,false,true,2018-05-28T02:43:41Z
Barri Sarfass,bsarfasscz@networkadvertising.org,+33-617-183-3630,Male,en,FR,S62304K,,false,false,2018-12-09T23:30:00Z
Cherin Lansdown,clansdownd0@state.tx.us,+1-347-708-9452,Female,en,US,H628X2,,,,2020-08-03T12:58:20Z
Ody Nickless,onicklessd1@answers.com,+33-594-549-3901,Male,de,FR,,,true,false,2019-02-04T03:55:01Z
Uri Pancoast,upancoastd2@zimbio.com,+39-897-905-1404,Male,,IT,H5123,,true,true,2018-07-08T00:20:25Z
Teodor Gyenes,tgyenesd3@unesco.org,+1-757-415-6930,Male,fr,US,,November,,,2020-06-13T05:29:54Z
Carce Dy,,+33-644-227-4203,Male,sv,,C50511,,true,false,2020-08-17T22:14:49Z
Tessie Siggers,tsiggersd5@bloglines.com,+1-214-530-8768,Female,es,US,H26233,Yankee,true,false,2018-04-08T12:52:05Z
Demeter Lashbrook,dlashbrookd6@mtv.com,+46-946-567-8206,Female,en,SE,M4841XD,,true,true,2019-04-01T08:39:13Z
Gearard Woolam,gwoolamd7@smugmug.com,+1-402-115-3086,Male,sv,US,M8955,,true,false,2018-11-05T05:23:39Z
Harman Windrus,,+1-763-542-7652,Male,sv,,J676,,false,true,2019-03-23T13:58:57Z
Artemus Fain,afaind9@msn.com,+33-167-980-9132,Male,de,FR,J9501,,false,false,2019-09-17T07:42:10Z
Aylmer Vell,avellda@weibo.com,+1-682-333-5902,Male,fr,US,S8262XF,,false,false,2018-05-05T18:56:56Z
Selby Furney,sfurneydb@dailymail.co.uk,+33-871-613-6921,Male,de,FR,,,false,true,2018-06-28T12:28:51Z
Teddy Eykelbosch,teykelboschdc@sphinn.com,+33-279-198-0080,Female,fr,FR,,,true,false,2019-12-27T07:28:08Z
Samaria Chessum,schessumdd@dion.ne.jp,+1-316-671-7298,Female,,US,M1036,,true,true,2019-12-05T02:57:32Z
Kirsteni Ternault,kternaultde@1688.com,+46-794-747-9787,Female,it,SE,S29001,,false,false,2020-03-02T20:46:11Z
Laura Tullot,,+46-221-105-5065,Female,fr,,S7221XQ,,false,true,2020-06-02T17:21:42Z
Wynnie Sisey,wsiseydg@bluehost.com,+46-374-634-4399,Female,,SE,,,true,true,2019-08-23T22:51:06Z
Christoph Crepin,ccrepindh@redcross.org,+1-904-297-2407,Male,nl,US,C459,,true,true,2018-12-11T12:30:48Z
Alexandros Corssen,acorssendi@elpais.com,+33-253-869-6465,Male,fr,FR,,,false,false,2019-06-25T16:50:42Z
Darcy Lartice,dlarticedj@theguardian.com,+1-347-625-8805,Female,sv,US,,,true,true,2020-03-25T22:03:51Z
Windy Rambaut,wrambautdk@jigsy.com,+33-101-169-9283,Female,it,FR,H3001,Yankee,false,false,2019-04-13T17:43:05Z
Conn Compton,,+33-174-908-8892,Male,fr,,S42141K,,,,2020-06-15T22:37:20Z
Lyon Rupp,lruppdm@fastcompany.com,+33-177-275-8721,Male,nl,FR,,,true,false,2018-05-14T11:33:58Z
Renata Padkin,rpadkindn@spotify.com,+46-469-515-0277,Female,,SE,,,true,false,2019-07-20T21:55:46Z
Carla Lillo,clillodo@shutterfly.com,+33-719-447-2671,Female,it,FR,,,false,false,2020-08-27T00:55:04Z
Celie Crowdson,ccrowdsondp@weibo.com,+1-763-295-8061,Female,fr,US,,,false,false,2018-12-22T23:25:12Z
Kevyn Orans,koransdq@cocolog-nifty.com,+1-701-904-0045,Female,en,US,,,false,true,2018-09-04T12:15:21Z
Chere Lilbourne,,+33-471-547-1022,Female,en,,S89229K,,false,false,2020-02-29T17:03:28Z
Fayina Cordero,fcorderods@google.es,+1-713-444-3940,Female,fr,US,K731,,false,true,2019-07-22T20:05:01Z
Chrissy Fourmy,cfourmydt@dmoz.org,+46-818-849-5255,Female,es,SE,T59893A,,false,false,2020-01-06T21:25:19Z
Robert Gero,,+33-692-897-2534,Male,sv,,Z374,,true,false,2018-12-11T21:26:33Z
Fayette Dufaire,fdufairedv@cmu.edu,+1-903-238-5428,Female,sv,US,,,false,true,2019-06-12T12:38:29Z
Francklin Lutsch,flutschdw@ibm.com,+33-475-220-3066,Male,,FR,,,true,false,2019-12-02T08:08:37Z
Nike Remirez,nremirezdx@sciencedaily.com,+33-172-134-3753,Female,fr,FR,S0912XS,,true,false,2020-02-05T03:08:36Z
Jodie Karlqvist,jkarlqvistdy@slideshare.net,+1-405-797-4498,Female,de,US,,,,,2018-08-19T18:33:28Z
Allegra Sherwin,,+33-878-254-2249,Female,fr,,S56002S,,false,true,2018-09-18T08:26:42Z
Appolonia Pavlitschek,apavlitscheke0@themeforest.net,+1-512-224-1430,Female,fr,US,,,true,true,2018-04-24T09:38:56Z
Kiele Robbert,krobberte1@dropbox.com,+1-770-950-6465,Female,es,US,T2162XA,,false,false,2018-06-11T14:50:51Z
Susan Summerscales,ssummerscalese2@npr.org,+1-402-770-4539,Female,it,US,,November,false,false,2019-03-20T08:51:35Z
Sofia Gocher,sgochere3@posterous.com,+46-736-655-6848,Female,it,SE,M84412G,,false,true,2019-03-17T22:32:31Z
Torrence Tarbet,ttarbete4@linkedin.com,+46-825-953-1878,Male,nl,SE,S62605D,,true,false,2019-03-29T08:18:00Z
Devondra Stockow,dstockowe5@cdbaby.com,+33-334-930-8941,Female,sv,FR,S7221XN,Mike,true,true,2018-04-22T22:57:24Z
Anselm Buffery,,+32-779-959-6196,Male,,,H4020X1,,true,false,2018-04-15T15:37:46Z
Barbette Sibson,,+33-525-753-4539,Female,sv,,,Sierra,false,true,2018-10-12T09:19:08Z
Linda Halpin,lhalpine8@ehow.com,+1-602-762-4417,Female,es,US,,,true,false,2020-01-29T04:35:20Z
Adair Klesel,,+33-331-903-6653,Male,nl,,T411X5A,,false,false,2018-12-09T02:11:33Z
Guillemette Stapele,gstapeleea@phoca.cz,+33-816-650-6327,Female,,FR,,India,false,true,2019-09-08T11:29:31Z
Bonnie Wyett,bwyetteb@sciencedirect.com,+33-802-993-8853,Female,es,FR,W2111,Alfa,false,false,2019-12-18T00:30:22Z
Loise Lashbrook,llashbrookec@ca.gov,+33-617-938-2683,Female,de,FR,S72335J,Delta,true,false,2018-03-17T07:49:24Z
Wheeler Hedworth,whedworthed@hp.com,+1-202-250-8955,Male,nl,US,T63333D,,false,false,2019-10-01T05:06:58Z
Adham Colls,acollsee@mediafire.com,+1-616-275-0735,Male,fr,US,S91339,,false,true,2019-05-16T01:28:42Z
Tiebold Otley,totleyef@wufoo.com,+1-713-483-5611,Male,,US,,,false,false,2019-09-07T06:06:56Z
Weber Cayton,,+33-868-418-3104,Male,de,,,,false,false,2020-03-04T02:04:58Z
Norby Furmenger,nfurmengereh@youtube.com,+1-310-995-5136,Male,it,US,S68626A,,true,true,2019-09-21T05:26:21Z
Patten Curtin,pcurtinei@utexas.edu,+33-660-207-7018,Male,fr,FR,,,false,true,2020-02-03T02:09:59Z
Charissa Ambrosetti,cambrosettiej@youku.com,+46-779-523-1325,Female,fr,SE,H16209,Foxtrot,true,true,2018-08-13T08:36:48Z
Rafe Heinle,rheinleek@purevolume.com,+46-938-916-0661,Male,en,SE,S56405A,,false,false,2019-11-07T19:31:44Z
Layne Pardew,lpardewel@google.co.uk,+46-972-717-8861,Female,en,SE,,,false,true,2018-10-19T14:12:22Z
Rona Freshwater,rfreshwaterem@posterous.com,+46-873-334-9716,Female,fr,SE,,Echo,false,true,2020-05-25T04:46:40Z
Corny Hammett,chammetten@virginia.edu,+1-214-860-7786,Female,en,US,V8629,,false,true,2020-04-11T03:27:34Z
Allayne Filchagin,afilchagineo@europa.eu,+44-659-147-9187,Male,it,GB,,,false,true,2018-09-05T02:14:30Z
Fabien Mottram,fmottramep@seesaa.net,+1-253-324-3806,Male,en,US,T651X1A,,false,true,2019-07-20T11:12:45Z
Amelia Roth,arotheq@g.co,+33-985-315-5571,Female,sv,FR,S12110G,,true,false,2019-09-15T04:36:03Z
Lion Giorgeschi,lgiorgeschier@bbb.org,+33-864-369-6526,Male,,FR,,,true,false,2018-08-27T13:15:42Z
Lesli Nystrom,lnystromes@1und1.de,+33-389-218-6588,Female,en,FR,,,true,false,2018-07-07T21:03:27Z
Arden Dewfall,adewfallet@elegantthemes.com,+33-651-267-9208,Female,,FR,S72353C,,false,true,2020-05-07T12:13:56Z
Garrett Longhorne,glonghorneeu@infoseek.co.jp,+44-956-929-6615,Male,en,GB,S27422D,Alfa,true,true,2019-06-24T04:02:09Z
Rowena Dawtrey,rdawtreyev@imageshack.us,+46-213-142-2752,Female,fr,SE,,,true,true,2018-04-20T07:56:44Z
Eolande Drinkale,edrinkaleew@i2i.jp,+33-751-634-1415,Female,nl,FR,,November,true,true,2019-04-22T05:25:58Z
Rania Bonnaire,rbonnaireex@nifty.com,+33-345-522-2507,Female,fr,FR,,Yankee,false,false,2020-06-09T11:24:28Z
Paten Croom,pcroomey@dagondesign.com,+33-784-768-5998,Male,es,FR,W5629XS,Uniform,true,false,2020-04-11T09:39:18Z
Angelo Plesing,aplesingez@npr.org,+46-978-366-3705,Male,fr,SE,,,false,false,2020-04-09T07:22:01Z
Bryon Fenelon,bfenelonf0@posterous.com,+1-763-213-7044,Male,fr,US,,Golf,false,true,2020-02-10T11:03:05Z
Cary Copnar,ccopnarf1@nps.gov,+1-314-820-7396,Female,fr,US,,,true,false,2019-10-23T13:52:50Z
Tilda Novotne,,+1-518-836-9797,Female,it,,,,true,true,2018-03-25T20:28:40Z
Vernor Portinari,vportinarif3@deviantart.com,+1-239-725-2944,Male,de,US,T63063,,false,true,2019-02-05T01:27:01Z
Luce Boscott,lboscottf4@cbslocal.com,+1-334-821-1715,Female,sv,US,C829,,true,false,2018-10-03T06:06:55Z
Darrick Deware,ddewaref5@discuz.net,+33-319-854-4881,Male,fr,FR,M9262,,true,true,2018-05-30T22:36:16Z
Padgett Duly,pdulyf6@upenn.edu,+1-772-189-9592,Male,sv,US,S61216,,true,false,2018-05-20T05:27:30Z
Alameda Brimley,abrimleyf7@cisco.com,+46-120-703-8085,Female,fr,SE,S61348D,,false,false,2019-03-30T22:15:37Z
Sauncho Stear,sstearf8@canalblog.com,+46-459-326-2229,Male,sv,SE,,,false,true,2018-05-04T14:57:40Z
Aileen Gummow,agummowf9@bizjournals.com,+46-446-514-3602,Female,fr,SE,S76222,,true,true,2019-10-26T07:02:40Z
Wyatan Petrushka,wpetrushkafa@sun.com,+33-489-730-4677,Male,it,FR,S4430XS,,false,true,2020-03-28T13:55:20Z
Ferdy Hamm,fhammfb@live.com,+1-717-947-9542,Male,,US,,,true,false,2018-07-31T06:25:19Z
Isidore Orae,ioraefc@businesswire.com,+33-620-228-7919,Male,it,FR,D024,Uniform,false,true,2019-02-14T09:22:06Z
Pandora Wallege,pwallegefd@live.com,+46-306-147-3410,Female,en,SE,,,false,true,2019-06-08T20:14:24Z
Ynez Dumigan,ydumiganfe@umn.edu,+46-884-903-3955,Female,,SE,,Whiskey,false,false,2020-02-01T15:39:59Z
Yard Lishman,ylishmanff@gizmodo.com,+46-415-253-2276,Male,nl,SE,T50B15D,Whiskey,true,false,2018-05-24T19:24:04Z
Audy Molines,amolinesfg@nydailynews.com,+44-948-419-0893,Female,fr,GB,,,false,false,2020-06-19T06:45:07Z
Carol-jean Lindborg,clindborgfh@wufoo.com,+46-174-178-5166,Female,fr,SE,,Quebec,true,true,2020-07-17T12:01:55Z
Melisandra Tester,mtesterfi@weather.com,+33-808-893-5245,Female,,FR,,,true,false,2020-05-08T03:24:11Z
Holt MacGauhy,hmacgauhyfj@ucla.edu,+46-197-916-5437,Male,de,SE,,,,,2020-08-02T12:18:44Z
Antonetta Idill,aidillfk@google.co.uk,+33-608-270-0452,Female,de,FR,,,false,true,2019-11-23T23:36:40Z
Darb Hinemoor,dhinemoorfl@cbsnews.com,+46-248-243-2127,Male,nl,SE,,Sierra,true,true,2019-11-08T02:21:28Z
Orlan Gorcke,,+33-798-464-6782,Male,de,,S42416A,,false,false,2018-08-03T21:06:22Z
Rafi Brickwood,,+33-329-752-1358,Male,it,,M02141,,true,false,2018-10-04T06:40:26Z
Enrique Burchatt,,+33-163-747-7968,Male,fr,,H04321,,false,false,2018-08-07T18:05:52Z
Elfrida Pittam,epittamfp@zdnet.com,+46-484-974-6312,Female,it,SE,K091,,false,false,2018-05-09T17:52:39Z
Hillyer Whittick,hwhittickfq@archive.org,+1-419-573-6329,Male,de,US,,,false,false,2020-05-25T13:29:04Z
Dori Lettuce,dlettucefr@photobucket.com,+33-369-681-1925,Female,,FR,,Echo,false,false,2020-03-04T23:01:38Z
Kirbie Elijah,kelijahfs@sbwire.com,+46-775-493-6188,Female,it,SE,,,true,true,2020-04-23T07:33:52Z
Hieronymus Nunnery,hnunneryft@sakura.ne.jp,+44-991-376-3860,Male,it,GB,S92356P,India,true,false,2020-05-20T23:34:19Z
Kizzee Coom,kcoomfu@tumblr.com,+33-433-263-3230,Female,en,FR,S59191P,Juliett,false,true,2019-07-09T19:37:11Z
Arleen Eliot,aeliotfv@discovery.com,+46-393-588-0003,Female,es,SE,,,false,false,2019-12-11T09:23:45Z
Peirce Gaynes,pgaynesfw@admin.ch,+44-714-908-9162,Male,fr,GB,S22089D,,false,true,2018-11-10T21:20:42Z
Curt Humbert,chumbertfx@ebay.co.uk,+46-852-337-5943,Male,en,SE,H653,,false,true,2019-10-17T16:46:58Z
Dorine Lathy,dlathyfy@yelp.com,+33-238-906-3084,Female,fr,FR,,X-ray,false,true,2020-08-19T11:10:09Z
Clyve Streat,cstreatfz@ycombinator.com,+33-708-348-1786,Male,fr,FR,,,false,false,2020-04-30T19:46:20Z
Elyn Mudle,emudleg0@adobe.com,+44-679-624-9799,Female,,GB,,Delta,true,true,2018-11-03T20:02:02Z
Nickie Dollin,ndolling1@furl.net,+1-936-591-0965,Female,sv,US,,,true,true,2018-11-12T23:48:39Z
Jemmy Hinstridge,,+1-913-264-9265,Female,nl,,S90411A,,true,true,2018-08-08T17:17:22Z
Meghann Arboine,marboineg3@scribd.com,+33-853-941-4208,Female,de,FR,C165,,false,true,2020-04-12T14:04:34Z
Ardisj Matten,amatteng4@springer.com,+1-414-872-4168,Female,de,US,M89731,,false,true,2020-01-11T05:02:20Z
Herrick Leinweber,hleinweberg5@umich.edu,+33-112-413-0245,Male,fr,FR,,Uniform,true,true,2019-06-16T05:07:26Z
Gabbie Woolford,,+33-374-476-2795,Female,nl,,,,true,false,2018-03-22T15:34:44Z
Phyllida Dews,pdewsg7@weebly.com,+33-783-383-0070,Female,sv,FR,,,true,false,2020-03-19T03:35:03Z
Thorndike Stacey,tstaceyg8@hatena.ne.jp,+33-459-506-8097,Male,en,FR,,,false,false,2019-02-25T05:00:06Z
Tiebout Melbourne,tmelbourneg9@ca.gov,+1-786-510-3310,Male,es,US,S82242R,,false,true,2018-10-09T10:06:12Z
Trudy Waplinton,twaplintonga@i2i.jp,+33-544-159-6968,Female,de,FR,T84328S,,false,true,2018-08-09T21:29:19Z
Dale Pennetta,dpennettagb@harvard.edu,+46-816-402-3075,Female,fr,SE,,,true,false,2019-12-05T09:52:45Z
Waring Livingston,wlivingstongc@wikimedia.org,+46-985-882-9047,Male,,SE,,,true,true,2018-10-12T09:28:06Z
Shae Mennear,smenneargd@state.tx.us,+46-191-521-2930,Male,,SE,,,true,true,2019-08-06T13:46:52Z
Matti Goschalk,mgoschalkge@goo.gl,+1-516-681-2517,Female,sv,US,F250,,false,false,2018-11-08T17:26:17Z
Marney Suero,,+1-775-151-8887,Female,de,,,,false,false,2019-10-03T06:47:45Z
Seth Brockley,sbrockleygg@spiegel.de,+44-949-296-7562,Male,,GB,,,true,true,2018-06-14T04:57:40Z
Georgiana Searson,gsearsongh@blog.com,+33-797-904-3704,Female,de,FR,,Papa,false,true,2019-02-04T17:36:53Z
Valentine Pringour,vpringourgi@github.com,+46-642-797-7523,Male,it,SE,O992,,false,true,2019-09-22T13:41:52Z
Kitti St Louis,kstgj@phoca.cz,+46-386-878-5267,Female,nl,SE,,Uniform,true,false,2020-02-26T14:31:52Z
Beaufort Doudny,bdoudnygk@istockphoto.com,+39-741-316-5887,Male,sv,IT,,,true,true,2018-10-26T01:21:20Z
Hartley Dann,hdanngl@mashable.com,+1-281-266-1649,Male,it,US,,,true,true,2018-12-16T22:56:26Z
Krishnah Marusik,,+46-268-631-2562,Male,en,,S01541A,,true,false,2018-03-01T19:52:55Z
Luisa Fuke,lfukegn@lycos.com,+33-160-543-3200,Female,en,FR,S91321D,Echo,false,true,2019-01-21T20:33:17Z
Cher Reis,creisgo@github.com,+33-283-102-1247,Female,sv,FR,S82202F,,true,false,2020-01-25T09:43:09Z
Dynah Grinikhin,dgrinikhingp@qq.com,+46-102-151-8282,Female,,SE,T384X1A,,false,true,2019-12-04T13:43:32Z
Stevie Melbury,smelburygq@skyrock.com,+33-180-541-4410,Male,nl,FR,Y9342,Uniform,true,true,2018-10-12T10:22:47Z
L;urette Briscoe,lbriscoegr@patch.com,+1-410-127-0380,Female,fr,US,W3081XD,,true,false,2020-08-03T05:38:10Z
Noni Garner,ngarnergs@usda.gov,+46-195-841-8871,Female,es,SE,S96209,,true,false,2018-04-02T19:30:51Z
Collie Josofovitz,,+33-578-430-6140,Female,en,,S62399A,,true,true,2019-08-21T01:24:29Z
Maure Lasselle,,+1-763-283-7047,Female,es,,,,,,2019-04-07T04:11:52Z
Inglebert Caplan,,+33-142-412-9607,Male,,,,,false,false,2019-03-06T05:33:15Z
Jeanette Blaik,,+1-713-889-4845,Female,es,,,,true,false,2020-07-29T10:03:39Z
Gracia Peevor,,+46-838-801-9979,Female,de,,S62391K,,true,false,2020-05-12T01:45:32Z
Tommy Lewin,tlewingy@webnode.com,+1-202-537-0319,Female,en,US,,,true,false,2019-09-03T14:41:15Z
Ariel Pegrum,apegrumgz@angelfire.com,+33-192-539-3955,Female,nl,FR,,,true,true,2019-06-02T20:22:02Z
Whitaker Hoggins,whogginsh0@unesco.org,+46-434-140-7814,Male,de,SE,,,false,true,2020-03-12T03:27:40Z
Erroll Burdytt,,+1-312-786-9258,Male,en,,,,false,true,2020-04-13T02:27:20Z
Luciano Matokhnin,,+1-786-692-3808,Male,fr,,V426,Lima,true,false,2020-06-14T11:24:26Z
Michail Gibard,mgibardh3@archive.org,+46-794-478-9849,Male,fr,SE,,Oscar,false,true,2018-05-01T11:43:28Z
Allianora Riddoch,,+33-934-637-7568,Female,fr,,T782XXD,,true,true,2019-11-09T11:03:34Z
Darin Stennard,dstennardh5@cargocollective.com,+33-408-943-2919,Male,fr,FR,S62613D,,true,false,2018-10-19T09:42:03Z
Hertha McCoish,hmccoishh6@cornell.edu,+46-106-929-7853,Female,en,SE,,,true,true,2018-03-24T14:40:52Z
Richardo Viscovi,rviscovih7@instagram.com,+1-502-463-2416,Male,en,US,,,true,true,2018-08-20T00:32:37Z
Danya Staddom,,+1-937-767-1382,Male,en,,A501,Mike,false,false,2020-07-20T01:01:24Z
Lucas Montrose,lmontroseh9@cornell.edu,+33-602-876-8014,Male,sv,FR,,,false,false,2019-05-05T06:25:35Z
Constantino Towll,ctowllha@photobucket.com,+32-203-810-3570,Male,es,BE,,Mike,true,false,2019-05-21T00:15:26Z
Hendrick Hawtry,hhawtryhb@edublogs.org,+46-224-560-1780,Male,,SE,S25501,,false,true,2018-03-16T15:16:53Z
Megan Sinney,,+33-444-453-0818,Female,de,,M9260,,false,false,2018-04-28T09:59:07Z
Anne Hadkins,ahadkinshd@i2i.jp,+46-931-612-0008,Female,de,SE,P13,Juliett,,,2020-08-06T04:12:45Z
Tedie Gerty,tgertyhe@mac.com,+44-402-727-0718,Male,de,GB,M8618,,false,false,2019-09-25T05:43:33Z
Feliks Benettelli,fbenettellihf@spotify.com,+1-570-979-9951,Male,nl,US,S14154,Foxtrot,false,false,2020-07-29T06:47:53Z
Berkley Perazzo,bperazzohg@mlb.com,+1-405-266-7280,Male,fr,US,,,true,true,2018-12-17T08:13:20Z
Nye Ort,northh@uiuc.edu,+46-712-426-5433,Male,,SE,,,false,true,2018-06-16T22:26:07Z
Cristi Sultan,csultanhi@wikimedia.org,+46-412-281-1465,Female,es,SE,,,false,true,2019-12-20T02:16:17Z
Teirtza Cowndley,tcowndleyhj@quantcast.com,+46-241-555-0732,Female,sv,SE,,,false,true,2020-05-13T13:59:50Z
Timmy Nicklen,tnicklenhk@nsw.gov.au,+33-293-812-5600,Female,it,FR,S92424K,Alfa,false,true,2019-08-09T11:26:24Z
Kellen Wardlaw,kwardlawhl@hexun.com,+46-585-239-5331,Female,fr,SE,,,false,false,2018-07-20T23:24:39Z
Constance Rheubottom,,+1-770-495-3000,Female,fr,,W2202XS,Yankee,false,false,2018-07-17T20:28:17Z
Francisco Straffon,fstraffonhn@blogspot.com,+46-294-418-9856,Male,de,SE,,,false,false,2019-11-07T09:46:11Z
Sybyl Di Biagi,sdiho@biglobe.ne.jp,+46-616-274-3686,Female,sv,SE,,,false,true,2020-04-06T13:51:33Z
Danny Van Halen,dvanhp@cbslocal.com,+46-104-365-6669,Male,fr,SE,Q54,,false,true,2018-06-20T21:22:50Z
Obidiah Blase,oblasehq@freewebs.com,+1-816-690-9964,Male,de,US,S61232A,November,false,false,2019-03-11T07:09:42Z
Patty Greenhow,pgreenhowhr@cornell.edu,+46-812-974-3864,Male,fr,SE,S52352,,false,false,2018-09-18T15:29:09Z
Sephira Grelik,,+1-508-986-7350,Female,en,,S52134,,true,false,2019-10-24T22:07:29Z
Raquela Beardwell,,+46-788-988-7919,Female,it,,,,false,false,2019-01-23T06:24:52Z
Cecilio Camacke,ccamackehu@aol.com,+46-125-135-9494,Male,sv,SE,,,true,false,2020-07-18T09:51:41Z
Kyla Trusler,ktruslerhv@dropbox.com,+46-393-507-0802,Female,fr,SE,,,false,false,2018-06-01T00:38:21Z
Paquito Francke,pfranckehw@so-net.ne.jp,+46-177-890-0946,Male,fr,SE,,,false,false,2018-05-07T16:33:17Z
Igor Daice,idaicehx@de.vu,+46-507-551-8367,Male,,SE,S24112A,Quebec,false,false,2020-03-04T13:34:05Z
Gustavo Mayow,gmayowhy@goo.ne.jp,+46-180-890-3379,Male,fr,SE,S45392D,,false,false,2019-07-27T22:09:11Z
Antone Small,,+46-555-423-1427,Male,,,,,false,true,2019-08-19T22:42:17Z
Christine Farrens,cfarrensi0@ft.com,+46-651-606-9518,Female,it,SE,,,true,false,2018-09-25T18:31:49Z
Stavro Giamo,sgiamoi1@joomla.org,+46-535-354-3347,Male,de,SE,V363XXA,,true,true,2018-11-26T07:24:25Z
Florinda Vice,fvicei2@soup.io,+46-980-602-9108,Female,de,SE,S82012N,,true,true,2018-10-18T22:05:16Z
Garner O'Caine,,+33-979-770-0075,Male,sv,,T22791S,,true,false,2019-08-04T14:10:02Z
Cyndy Ingray,cingrayi4@chicagotribune.com,+46-599-850-1161,Female,nl,SE,T3390XD,,true,false,2020-08-02T00:09:55Z
Dun Brouard,dbrouardi5@domainmarket.com,+33-698-209-0687,Male,fr,FR,,,false,false,2019-01-17T08:28:38Z
Dyann Behning,,+33-872-923-2500,Female,,,,,false,false,2019-05-02T13:43:54Z
Emmery Devereux,edevereuxi7@linkedin.com,+33-591-795-5752,Male,,FR,T495X6S,,,,2020-05-16T07:13:26Z
Beau MacCahee,bmaccaheei8@hostgator.com,+46-977-809-2670,Male,nl,SE,,,false,true,2018-09-07T17:05:03Z
Godfrey Jurisch,gjurischi9@nationalgeographic.com,+46-228-469-5186,Male,fr,SE,S013,,true,false,2018-12-28T11:30:30Z
Brantley Di Napoli,,+46-441-706-3575,Male,it,,A070,,false,false,2020-02-11T00:18:27Z
Joana Shave,,+46-637-439-6474,Female,es,,S82111Q,,true,true,2020-03-14T18:05:36Z
Norri Harrington,,+33-842-657-1380,Female,de,,S22082S,,true,true,2018-06-07T13:41:07Z
Dulcie Boyland,dboylandid@nps.gov,+33-650-935-6409,Female,nl,FR,D83,,,,2018-07-30T00:20:12Z
Nike Hearle,nhearleie@mashable.com,+33-461-171-1619,Female,sv,FR,,X-ray,false,false,2019-04-08T18:55:50Z
Joycelin Keely,jkeelyif@archive.org,+33-902-247-8565,Female,nl,FR,,,false,false,2020-02-16T21:49:15Z
Yance Domokos,ydomokosig@cbsnews.com,+46-971-654-4160,Male,nl,SE,,,false,false,2018-08-27T21:47:02Z
Timi Noakes,tnoakesih@csmonitor.com,+1-402-659-4789,Female,en,US,,Delta,true,false,2018-10-09T08:21:33Z
Noel Skewis,nskewisii@devhub.com,+46-194-947-1721,Male,es,SE,W16311D,,true,false,2019-07-11T20:28:33Z
Burt Ogan,boganij@wisc.edu,+46-365-401-4672,Male,nl,SE,S62361S,,false,false,2019-06-11T01:35:26Z
Hamid Alkin,halkinik@surveymonkey.com,+46-707-987-2357,Male,sv,SE,S82491H,,true,false,2020-04-08T05:07:43Z
Salomone Maylor,smayloril@deliciousdays.com,+1-404-706-0053,Male,fr,US,,November,false,true,2020-07-01T23:03:37Z
Philis Kamiyama,,+33-722-244-6498,Female,sv,,T2651,,false,true,2019-01-10T11:57:32Z
Falkner Elkin,felkinin@addthis.com,+33-709-276-3372,Male,sv,FR,,Tango,false,false,2019-10-22T20:45:09Z
Sean Abrahams,,+33-654-542-7998,Female,it,,,,true,false,2018-06-09T21:53:45Z
Will Attwill,wattwillip@51.la,+33-990-830-7624,Male,sv,FR,,,,,2020-04-16T17:06:49Z
Lester Regitz,lregitziq@cbsnews.com,+46-508-951-4028,Male,fr,SE,,,true,true,2020-02-02T05:04:54Z
Zacharia Trowel,ztrowelir@sohu.com,+46-395-262-5791,Male,en,SE,,,false,false,2018-06-19T00:07:23Z
Lydie Stoves,,+46-685-523-5941,Female,de,,,,false,true,2019-08-18T13:29:31Z
Carlo Giorgetti,,+1-206-855-0332,Male,nl,,,,false,true,2018-07-15T13:40:43Z
Konstantine Labon,klaboniu@reference.com,+46-807-114-0949,Male,fr,SE,T40604D,,false,true,2019-12-07T05:05:52Z
Libbi Wisam,lwisamiv@skype.com,+44-317-276-8661,Female,de,GB,,Papa,false,true,2019-06-16T16:39:06Z
Tome Simenel,tsimeneliw@noaa.gov,+46-316-226-2157,Male,en,SE,S59001G,,false,true,2018-04-15T14:15:49Z
Fredrika Herion,fherionix@imdb.com,+33-241-188-1081,Female,nl,FR,S6290,,true,false,2018-12-18T18:52:47Z
Natty Cruise,ncruiseiy@uol.com.br,+44-563-381-1912,Male,sv,GB,,,false,false,2019-11-19T23:54:22Z
Robinson Leckey,,+46-705-108-2392,Male,fr,,,,true,true,2020-01-07T18:14:01Z
Osbourne Tisun,otisunj0@infoseek.co.jp,+39-726-760-4997,Male,,IT,,,false,true,2019-01-03T13:46:51Z
Northrup Form,nformj1@hatena.ne.jp,+33-561-335-6157,Male,sv,FR,,,false,true,2020-03-02T05:27:29Z
Tabor Beernt,tbeerntj2@reverbnation.com,+1-520-513-2624,Male,fr,US,,Tango,true,false,2019-12-20T11:42:21Z
Dareen Dorrell,,+1-713-962-1567,Female,de,,L97113,,false,false,2018-05-10T02:47:56Z
Radcliffe Musso,,+39-498-427-9359,Male,es,,V317XXA,Golf,true,false,2020-06-19T13:11:25Z
Kurt Rosbottom,,+1-703-753-6183,Male,sv,,,,true,true,2018-03-06T23:34:30Z
Bria Bartolozzi,bbartolozzij6@google.cn,+46-647-680-0386,Female,de,SE,M9722XD,,false,true,2019-01-19T14:02:30Z
Brunhilda Devaney,,+46-820-496-3226,Female,de,,,Sierra,true,true,2018-03-26T01:09:32Z
Dorey Guerri,dguerrij8@google.com,+46-198-274-3036,Male,en,SE,S65209A,,false,false,2018-11-19T12:35:12Z
Liva Gorgler,lgorglerj9@independent.co.uk,+33-239-185-3281,Female,,FR,W1841,,true,false,2019-07-26T13:02:01Z
Alwin Linnit,alinnitja@zimbio.com,+46-881-774-5317,Male,de,SE,,,true,false,2018-08-25T11:45:23Z
Van Savins,,+39-650-683-0167,Male,nl,,,,false,true,2019-10-21T11:26:52Z
Dorris Yes,,+1-336-882-4419,Female,nl,,,,,,2019-06-10T09:34:44Z
Karleen Lanceley,,+46-528-641-3048,Female,en,,H5441,,false,false,2019-11-11T09:57:48Z
Rhody Spears,,+1-304-902-9369,Female,es,,S61419D,,true,true,2019-06-04T06:53:04Z
Chicky Vivash,cvivashjf@aboutads.info,+46-278-455-5516,Female,de,SE,,,true,false,2018-07-03T11:58:56Z
Perry Bidgood,pbidgoodjg@prnewswire.com,+46-226-855-4269,Male,fr,SE,,,false,false,2018-12-06T20:40:38Z
Allyn Gianettini,,+46-933-696-2656,Female,fr,,,,false,false,2019-08-25T22:59:18Z
Page Wildsmith,pwildsmithji@topsy.com,+33-617-324-7194,Female,it,FR,M4124,,false,false,2019-02-05T17:15:42Z
Alanah MacCafferty,amaccaffertyjj@dyndns.org,+1-239-797-9648,Female,nl,US,,,false,false,2020-03-25T12:19:15Z
Raddy Loalday,rloaldayjk@newsvine.com,+46-844-893-6574,Male,nl,SE,V522XXD,,true,false,2019-02-16T05:39:08Z
Flory Betteriss,fbetterissjl@instagram.com,+33-159-445-3223,Female,,FR,,,false,false,2019-12-10T10:33:09Z
Nickolas Jansen,njansenjm@wired.com,+1-301-109-0246,Male,sv,US,,,false,false,2019-03-09T08:23:04Z
Adriane Edscer,aedscerjn@gravatar.com,+1-816-963-0480,Female,fr,US,M84673S,,true,false,2019-09-07T06:52:30Z
Gabbi Venditti,,+46-781-113-9875,Female,de,,S52309P,,true,false,2019-01-26T21:59:47Z
Mikel Pavier,,+46-586-576-3407,Male,sv,,,Foxtrot,true,false,2018-12-04T00:46:30Z
Mordecai Junkinson,mjunkinsonjq@guardian.co.uk,+1-414-576-7646,Male,en,US,,,true,false,2018-04-19T08:15:25Z
Gwendolen Largen,glargenjr@nasa.gov,+33-769-373-0464,Female,it,FR,,,true,true,2018-05-11T05:05:08Z
Milli Jankin,mjankinjs@ebay.com,+46-615-757-2279,Female,it,SE,Y36310A,Kilo,true,false,2020-08-04T21:10:58Z
Udale Krojn,ukrojnjt@answers.com,+1-214-668-6103,Male,it,US,,,true,true,2020-06-22T18:23:47Z
Kristine McTavish,kmctavishju@about.com,+46-789-632-5599,Female,nl,SE,,,,,2018-04-22T19:15:40Z
Katleen Figures,kfiguresjv@bluehost.com,+46-596-482-4699,Female,nl,SE,,Hotel,false,true,2018-12-08T00:42:48Z
Nils Bridal,nbridaljw@state.tx.us,+33-871-388-8490,Male,es,FR,,,true,false,2018-08-18T10:33:29Z
Skell Deuss,sdeussjx@fda.gov,+46-984-201-7093,Male,es,SE,V9204,,false,false,2019-10-09T06:55:28Z
Beilul Reims,breimsjy@pcworld.com,+33-280-431-2391,Female,sv,FR,R4585,,true,false,2018-10-21T02:16:44Z
Kennett Castard,,+46-372-469-2119,Male,sv,,N14,Romeo,true,false,2018-04-11T01:20:14Z
Odo Postins,opostinsk0@telegraph.co.uk,+1-425-671-3206,Male,fr,US,H18899,,false,true,2020-04-29T15:15:03Z
Alejandro Kneale,aknealek1@wsj.com,+33-695-693-8648,Male,fr,FR,S62641P,,true,true,2019-01-14T05:06:53Z
Merrielle Trengrove,mtrengrovek2@4shared.com,+46-938-671-6033,Female,fr,SE,,,false,true,2019-03-29T12:52:11Z
Daloris Uc,duck3@shop-pro.jp,+46-261-150-7247,Female,nl,SE,,,true,false,2020-07-29T20:56:20Z
Johnathan Orringe,jorringek4@hud.gov,+1-682-204-9151,Male,es,US,E0929,,false,false,2019-05-08T19:11:30Z
Licha Sproul,lsproulk5@sina.com.cn,+1-404-499-7690,Female,nl,US,,,true,false,2019-12-06T03:59:05Z
Ediva Shouler,eshoulerk6@edublogs.org,+46-447-460-3121,Female,fr,SE,,Golf,false,true,2020-03-30T02:14:09Z
Cindi Kilvington,,+33-402-439-3236,Female,de,,,,true,true,2019-03-28T17:56:31Z
Charlot Yves,cyvesk8@sina.com.cn,+44-258-371-4096,Female,it,GB,,,false,false,2020-02-12T21:36:51Z
Gloriane Benns,gbennsk9@wix.com,+46-550-943-8939,Female,en,SE,S93115S,,false,false,2018-04-25T21:44:42Z
Shoshanna Marriot,smarriotka@i2i.jp,+33-143-828-2260,Female,de,FR,V0601,,false,false,2019-11-11T15:33:51Z
Lefty Durston,ldurstonkb@google.com,+1-239-921-2912,Male,de,US,S66314D,,true,true,2020-01-26T23:28:19Z
Shelley Sumption,ssumptionkc@dmoz.org,+33-402-960-4379,Male,sv,FR,,,true,false,2018-11-10T04:22:48Z
Madelene Yeend,myeendkd@sun.com,+33-682-824-6587,Female,nl,FR,,,false,true,2020-03-28T07:53:38Z
Garwood Stent,gstentke@wired.com,+1-408-389-7343,Male,fr,US,,,false,true,2019-05-10T04:01:11Z
Jarrett Washington,jwashingtonkf@google.co.jp,+33-900-400-4785,Male,fr,FR,,,,,2018-12-31T08:13:10Z
Dalila Eastway,deastwaykg@techcrunch.com,+46-579-854-9022,Female,sv,SE,,,false,false,2020-03-21T02:58:13Z
Ulberto Kinnen,ukinnenkh@nps.gov,+44-598-463-5502,Male,sv,GB,M84652A,,false,false,2018-10-22T10:52:29Z
Burty Grayer,bgrayerki@creativecommons.org,+1-303-503-5737,Male,fr,US,E113392,,false,false,2018-04-28T09:36:39Z
Leonidas Fordyce,lfordycekj@bbb.org,+46-470-524-1144,Male,es,SE,H5018,,true,true,2019-05-30T00:42:28Z
Halie King,hkingkk@reuters.com,+33-408-550-9614,Female,nl,FR,S82034N,,true,true,2018-07-07T05:44:50Z
Callida Besnardeau,cbesnardeaukl@nih.gov,+1-405-598-0438,Female,,US,S62511B,Kilo,false,false,2020-06-28T08:47:10Z
Dougy Wethered,dwetheredkm@bandcamp.com,+46-781-297-5259,Male,fr,SE,,Hotel,false,false,2019-11-08T16:10:13Z
Ashlee Labern,alabernkn@skyrock.com,+33-609-492-9139,Female,es,FR,T5194XS,,false,false,2018-10-20T21:33:19Z
Urbano Thake,,+1-770-720-4113,Male,fr,,S65901D,,true,false,2018-12-02T09:36:23Z
Gayelord Vogele,,+46-877-667-6729,Male,,,S60945D,,,,2020-06-05T05:37:35Z
Hillie Boggis,hboggiskq@goodreads.com,+33-688-250-7771,Male,fr,FR,,,false,true,2018-07-02T15:35:06Z
Sayre Kerfod,skerfodkr@umich.edu,+46-138-116-3776,Male,it,SE,,,false,false,2018-05-15T02:49:15Z
Flint Grisard,fgrisardks@jiathis.com,+33-809-277-8285,Male,en,FR,,,true,true,2019-12-03T22:59:24Z
Angela Nibley,anibleykt@github.io,+33-106-752-6887,Female,es,FR,,,true,true,2019-12-13T09:03:01Z
Egbert Ormston,eormstonku@google.nl,+33-652-657-0180,Male,it,FR,Y92022,,false,true,2020-06-27T14:41:15Z
Magdaia Petruskevich,mpetruskevichkv@topsy.com,+46-786-732-2160,Female,de,SE,,,false,true,2019-12-19T09:10:58Z
Martin Yeardsley,myeardsleykw@blogspot.com,+46-750-477-7565,Male,nl,SE,,,true,false,2019-06-30T14:24:22Z
Rosetta Carlow,,+1-334-181-2160,Female,it,,,,true,true,2020-02-19T09:32:16Z
Cristin Cockren,ccockrenky@nationalgeographic.com,+46-791-399-3967,Female,en,SE,,,,,2019-01-23T02:43:49Z
Tamiko Ericsson,tericssonkz@vinaora.com,+46-322-797-6665,Female,,SE,S25592A,,true,false,2019-06-06T03:44:43Z
Grete Idney,,+46-696-969-3918,Female,,,I69310,,false,false,2020-06-04T09:39:54Z
Kate Duprey,kdupreyl1@booking.com,+33-668-998-0332,Female,de,FR,S52182P,,true,false,2019-03-30T05:30:48Z
Derrek Brende,dbrendel2@devhub.com,+46-726-142-0285,Male,en,SE,S42141,,,,2018-05-22T05:54:55Z
Alonzo Nashe,anashel3@1und1.de,+1-646-532-5796,Male,es,US,S46319D,,,,2018-11-17T04:51:51Z
Niven Siberry,nsiberryl4@meetup.com,+46-223-140-6657,Male,it,SE,,,false,true,2018-09-02T14:35:31Z
Kevina Clampe,kclampel5@goo.gl,+33-706-336-0498,Female,fr,FR,,,true,false,2020-01-20T15:38:46Z
Baxter Edel,bedell6@bizjournals.com,+1-812-488-7166,Male,sv,US,,,true,false,2019-03-22T22:56:39Z
Celka Gulley,cgulleyl7@paypal.com,+46-457-279-7236,Female,en,SE,,,true,true,2020-08-08T10:28:57Z
Garreth Francescuccio,gfrancescucciol8@cornell.edu,+46-826-543-1072,Male,it,SE,M9933,,false,false,2019-02-08T02:26:54Z
Matilde Abbots,,+1-408-541-5761,Female,,,Y37410D,,false,false,2019-04-28T02:43:07Z
Hailey Kennford,hkennfordla@bloglines.com,+33-458-804-0935,Male,de,FR,Y386X3A,,false,true,2019-06-21T11:29:27Z
Cary Itzakson,citzaksonlb@mozilla.com,+1-203-333-1891,Male,es,US,S82291R,,true,false,2019-07-15T05:20:40Z
Vallie Lidell,vlidelllc@walmart.com,+46-857-270-5285,Female,fr,SE,O26891,,false,true,2020-02-17T01:38:48Z
Candace Haggath,chaggathld@shutterfly.com,+46-502-767-7290,Female,sv,SE,,Whiskey,true,true,2019-09-16T18:15:29Z
Shannan Auden,saudenle@wordpress.com,+46-574-251-2503,Male,es,SE,,,,,2020-04-04T03:56:07Z
Josias Skepper,jskepperlf@jimdo.com,+1-209-558-9089,Male,en,US,,X-ray,true,true,2020-03-14T07:47:46Z
Berke Hitzmann,bhitzmannlg@mozilla.com,+33-766-887-0200,Male,sv,FR,,,false,false,2019-10-23T10:57:18Z
Nina McClurg,nmcclurglh@wired.com,+39-211-858-1991,Female,it,IT,,,false,true,2019-05-08T17:36:14Z
Erna Kliesl,eklieslli@friendfeed.com,+1-309-421-1807,Female,de,US,S65501S,,false,false,2019-06-16T14:02:46Z
Laurie Stedall,lstedalllj@imgur.com,+46-862-402-7838,Male,de,SE,,,false,true,2019-01-24T22:35:14Z
Lynett Botha,lbothalk@ameblo.jp,+33-550-616-6195,Female,de,FR,,,true,true,2019-01-23T07:26:49Z
Alaine Youell,ayouellll@ask.com,+33-690-240-1540,Female,fr,FR,O29129,X-ray,true,false,2018-10-23T13:29:43Z
Yul Sturdy,ysturdylm@symantec.com,+46-719-250-5639,Male,de,SE,,,true,false,2019-03-04T10:43:43Z
Wit Gwyther,wgwytherln@infoseek.co.jp,+32-533-250-2041,Male,,BE,S55809A,Delta,,,2020-07-02T23:00:12Z
Leigh Borne,lbornelo@over-blog.com,+33-715-199-6561,Male,it,FR,S6992XS,,false,true,2020-03-05T15:38:49Z
Kaia Lebbern,,+1-520-512-4551,Female,it,,,Whiskey,true,true,2019-10-09T23:42:29Z
Addison Boother,abootherlq@pagesperso-orange.fr,+46-114-161-2862,Male,de,SE,A564,,false,false,2018-06-16T01:53:34Z
Lorry Portriss,lportrisslr@pcworld.com,+33-986-324-4730,Female,fr,FR,S60391A,,false,false,2019-04-28T18:43:16Z
Dorette Milbank,dmilbankls@webnode.com,+1-408-771-9954,Female,de,US,,,true,true,2020-06-28T04:56:45Z
Frannie Stivens,fstivenslt@nhs.uk,+1-804-892-6215,Male,de,US,T404X5D,Zulu,true,false,2018-05-16T08:13:48Z
Pietra De Hailes,,+33-883-188-5636,Female,en,,V00132,Kilo,false,false,2019-12-15T08:21:35Z
Dora Scocroft,,+33-788-669-0853,Female,de,,O411413,,true,false,2020-03-07T10:44:09Z
Jacquelyn Tomkys,jtomkyslw@gnu.org,+33-993-182-8262,Female,es,FR,,Foxtrot,true,false,2019-06-10T00:31:10Z
Melba Reeds,mreedslx@comcast.net,+46-366-546-7970,Female,en,SE,,,false,true,2018-11-26T13:04:49Z
Maxi Borgnet,mborgnetly@omniture.com,+33-779-452-2217,Female,nl,FR,,,false,true,2018-04-01T15:19:18Z
Charlotta Bastin,cbastinlz@odnoklassniki.ru,+33-857-596-1146,Female,fr,FR,Q068,,,,2018-11-12T15:37:18Z
Adrianna Nowlan,anowlanm0@skyrock.com,+46-492-875-0240,Female,fr,SE,T17890D,,false,false,2020-06-19T00:59:12Z
Malcolm Omand,momandm1@dmoz.org,+46-176-697-0409,Male,de,SE,,,true,true,2018-09-28T10:19:35Z
Blayne Hawson,,+46-885-122-8755,Male,nl,,,Oscar,true,true,2019-10-13T05:44:50Z
Felicle Gater,fgaterm3@51.la,+46-104-566-4265,Female,de,SE,,,false,true,2018-08-09T05:43:57Z
Augustine Brittin,abrittinm4@abc.net.au,+46-808-976-6864,Male,fr,SE,S82861A,,false,false,2018-12-09T22:27:38Z
Hewitt Blainey,hblaineym5@bizjournals.com,+1-678-232-7426,Male,nl,US,Q8909,Lima,true,false,2019-03-16T07:47:45Z
Elwood Dyment,edymentm6@rakuten.co.jp,+1-614-686-0455,Male,,US,V9104XS,,true,false,2018-03-25T06:00:37Z
Corabella Copcote,ccopcotem7@themeforest.net,+33-993-466-4101,Female,fr,FR,E7519,,true,false,2020-04-09T21:35:19Z
Evered McKune,emckunem8@upenn.edu,+44-347-253-9595,Male,en,GB,,,false,true,2020-06-24T05:47:51Z
Levi Ramirez,lramirezm9@posterous.com,+33-836-998-2690,Male,fr,FR,M87838,,false,true,2020-02-15T17:18:30Z
Ritchie Crimin,rcriminma@wix.com,+33-479-943-7525,Male,fr,FR,T59894S,,false,false,2018-06-06T21:06:29Z
Carree Winterflood,,+1-410-714-3601,Female,de,,,Golf,,,2020-06-05T08:12:52Z
Chrissy Tulley,ctulleymc@themeforest.net,+46-658-733-8285,Male,es,SE,,,true,false,2020-01-09T16:12:45Z
Celestine Kinkead,ckinkeadmd@angelfire.com,+46-179-849-0379,Female,fr,SE,,,true,true,2019-10-06T04:14:37Z
Annora Rapley,arapleyme@technorati.com,+1-202-644-2919,Female,es,US,,,false,false,2018-08-04T17:27:30Z
Maggi Becaris,,+46-394-986-2595,Female,sv,,S32019,,false,false,2019-04-15T04:18:20Z
Yorker Dragonette,,+1-916-711-5658,Male,fr,,S32414S,,false,false,2018-09-03T19:14:54Z
Rosemaria Dooler,,+33-328-770-0460,Female,nl,,O99331,,false,true,2019-12-09T17:19:51Z
Pascal Ransbury,pransburymi@ft.com,+1-202-600-3835,Male,it,US,,,false,false,2019-10-15T12:27:40Z
Wes Bugdell,wbugdellmj@umn.edu,+1-941-515-7770,Male,it,US,S52365R,,true,false,2018-06-18T03:06:41Z
Benyamin Lyddon,,+33-286-366-5514,Male,,,,,true,false,2018-09-23T08:18:54Z
Audrye Gibbin,agibbinml@census.gov,+33-437-212-2908,Female,fr,FR,W5922XD,,false,false,2018-06-18T11:33:23Z
Larry Macek,lmacekmm@google.pl,+1-972-786-9312,Male,it,US,M80059P,,false,true,2020-08-14T10:21:11Z
Kenyon Gierok,kgierokmn@rambler.ru,+33-757-162-0228,Male,,FR,Z96662,India,true,true,2019-01-10T02:20:23Z
Fairleigh Brunicke,fbrunickemo@angelfire.com,+33-950-569-8858,Male,fr,FR,W300XXA,Charlie,true,true,2019-10-30T06:48:26Z
Glynn Iggalden,,+46-533-124-0091,Male,,,,,false,true,2020-06-05T19:45:01Z
Jaimie Reames,jreamesmq@vkontakte.ru,+33-122-499-2873,Male,nl,FR,S52252B,Foxtrot,true,true,2020-08-19T21:57:54Z
Ingunna Anersen,ianersenmr@berkeley.edu,+33-176-557-5612,Female,,FR,M24149,Oscar,true,false,2018-06-14T17:42:12Z
Aldo Ordelt,aordeltms@ox.ac.uk,+46-855-566-7508,Male,de,SE,T8385XD,,false,false,2019-10-09T18:15:42Z
Raddy Lowerson,rlowersonmt@epa.gov,+1-202-495-6895,Male,sv,US,Z7982,,true,true,2020-03-15T12:30:51Z
Barney Gregorio,bgregoriomu@rambler.ru,+46-969-966-7792,Male,fr,SE,S65402,,true,false,2019-01-13T19:52:22Z
Drud Guerin,dguerinmv@1688.com,+33-271-709-1236,Male,fr,FR,,Zulu,true,false,2020-06-05T18:44:38Z
Abbie Woolstenholmes,awoolstenholmesmw@rediff.com,+1-626-361-5717,Female,de,US,,,true,false,2018-05-11T19:10:29Z
Georgianna Rampage,,+1-713-727-6190,Female,nl,,,,false,true,2020-08-16T13:46:03Z
Cornie Rudderham,crudderhammy@psu.edu,+1-401-927-0872,Male,it,US,,Victor,false,false,2018-11-25T20:46:04Z
Bev Pashby,,+46-273-784-4267,Female,de,,,,false,false,2020-06-26T18:23:37Z
Tobias Gerriet,tgerrietn0@thetimes.co.uk,+1-808-948-2709,Male,sv,US,,,false,false,2018-07-23T08:24:15Z
Stevie Duddin,sduddinn1@sakura.ne.jp,+1-512-788-7722,Male,sv,US,X923,,true,true,2018-07-23T18:21:36Z
Olivero Trassler,otrasslern2@ebay.co.uk,+46-935-888-0355,Male,fr,SE,,,false,false,2018-08-05T12:13:07Z
Joshuah Hatherley,jhatherleyn3@macromedia.com,+1-415-144-7580,Male,es,US,,,false,false,2020-05-10T17:00:15Z
Marv Parades,mparadesn4@eventbrite.com,+33-935-453-6205,Male,,FR,S63051A,,false,false,2019-12-04T17:04:49Z
Sinclare Shatliff,sshatliffn5@devhub.com,+39-703-227-9320,Male,sv,IT,S42435G,Yankee,false,false,2020-04-26T19:02:22Z
Nerte Dragoe,ndragoen6@guardian.co.uk,+1-504-486-8109,Female,nl,US,M6632,,false,true,2020-07-06T22:08:50Z
Kathye Sancho,ksanchon7@a8.net,+1-808-294-3107,Female,sv,US,M92212,,false,false,2018-04-02T05:30:31Z
Jae Gaffon,jgaffonn8@deliciousdays.com,+46-169-867-5676,Male,it,SE,,,false,false,2019-04-22T17:23:44Z
Bret Punter,bpuntern9@shop-pro.jp,+39-787-890-4655,Male,fr,IT,S61442A,Zulu,true,false,2020-08-05T04:41:35Z
Sven Huggill,shuggillna@ning.com,+33-476-819-8088,Male,sv,FR,,,true,false,2018-11-19T21:52:14Z
Jemmy Kerrey,jkerreynb@storify.com,+33-585-253-2111,Female,,FR,Y36291S,,,,2020-01-10T02:22:40Z
Nicholas Rahill,nrahillnc@webeden.co.uk,+46-342-316-1932,Male,,SE,,,true,true,2020-05-04T22:45:59Z
Lorna Shepton,lsheptonnd@google.ca,+44-992-671-9869,Female,,GB,,,true,true,2020-07-27T11:30:31Z
Conrad Lange,,+1-786-439-1671,Male,en,,,,true,true,2018-09-11T23:43:01Z
Miranda Luddy,mluddynf@xrea.com,+46-666-635-1343,Female,es,SE,,Mike,true,false,2019-01-03T14:56:03Z
Korney Bass,kbassng@booking.com,+33-573-569-8661,Female,sv,FR,,,true,false,2018-08-23T18:25:17Z
Robyn Vedyashkin,rvedyashkinnh@google.co.jp,+33-730-177-4393,Female,de,FR,T4273,,false,true,2019-05-27T10:09:17Z
Abrahan Mosdill,,+1-901-267-0094,Male,fr,,,,false,true,2019-06-07T20:08:24Z
Corette Pudge,,+1-248-978-5286,Female,en,,R931,,false,true,2019-10-23T20:47:54Z
Meier Bramont,,+46-226-413-9286,Male,en,,M61472,Papa,true,false,2019-10-10T08:55:10Z
Noella Dredge,ndredgenl@mayoclinic.com,+33-277-797-5690,Female,,FR,S92334A,,false,true,2020-04-30T12:54:45Z
Rowney Rambadt,rrambadtnm@upenn.edu,+1-862-517-5159,Male,en,US,,India,true,false,2019-06-02T03:59:04Z
Florella Beynon,fbeynonnn@nhs.uk,+39-696-545-3314,Female,fr,IT,,,true,false,2020-03-14T14:17:53Z
Candis Chasier,cchasierno@mashable.com,+1-915-131-6823,Female,en,US,,,true,false,2018-06-11T01:57:20Z
Sid Cammack,scammacknp@weather.com,+32-129-908-0871,Male,de,BE,T22611S,,true,false,2019-08-30T08:14:12Z
Rutherford Butchard,,+44-205-837-1303,Male,it,,,,false,true,2019-06-06T07:22:23Z
Pennie Lewer,plewernr@quantcast.com,+46-686-334-3456,Female,de,SE,S48911S,Hotel,true,false,2020-02-06T09:31:24Z
Darrell Blewett,dblewettns@ox.ac.uk,+33-980-456-6988,Male,fr,FR,S82013B,,true,false,2019-12-28T21:38:08Z
Baxie Gindghill,bgindghillnt@independent.co.uk,+33-164-622-6755,Male,,FR,T375X4A,Charlie,true,false,2019-03-02T01:59:46Z
Dollie Soldi,dsoldinu@odnoklassniki.ru,+1-915-787-0058,Female,en,US,,Lima,true,true,2018-09-06T22:39:25Z
Rycca Barras,rbarrasnv@cbc.ca,+33-738-731-1205,Female,nl,FR,,,true,true,2019-06-11T12:57:30Z
Persis Poulgreen,ppoulgreennw@gmpg.org,+46-453-756-5762,Female,fr,SE,I70743,,false,false,2018-10-03T08:05:27Z
Allan Waters,,+32-547-773-7297,Male,fr,,,,true,false,2020-08-24T18:08:07Z
Quintin Yearby,qyearbyny@last.fm,+33-766-863-6967,Male,de,FR,S06340D,,true,false,2019-11-11T23:56:16Z
Sebastien Dionisi,sdionisinz@techcrunch.com,+1-619-216-3290,Male,en,US,,,true,true,2018-05-07T18:51:31Z
Worthington Sappson,wsappsono0@printfriendly.com,+32-928-586-2939,Male,de,BE,,,false,true,2018-04-20T16:46:20Z
Maureene Losemann,mlosemanno1@home.pl,+33-582-219-6388,Female,sv,FR,,,true,false,2018-07-19T00:03:49Z
Carmon Anderer,,+1-303-969-6929,Female,fr,,T61774S,Mike,false,false,2019-07-22T05:44:07Z
Giustina Buckland,gbucklando3@shinystat.com,+33-574-473-3227,Female,fr,FR,,,true,true,2019-05-26T04:12:26Z
Ruthanne Duester,rduestero4@pinterest.com,+1-417-547-4649,Female,sv,US,,,true,true,2019-08-18T11:04:30Z
Elene Beevis,,+33-575-755-1013,Female,sv,,S61001A,,true,true,2020-06-17T16:41:10Z
Estrellita Fullman,efullmano6@blogger.com,+1-573-770-6836,Female,,US,,Quebec,true,true,2018-03-14T09:13:12Z
Allistir McPhillips,amcphillipso7@globo.com,+46-677-191-0043,Male,es,SE,M62529,,true,false,2019-04-21T20:39:25Z
Andeee Rivenzon,arivenzono8@nyu.edu,+1-408-826-1645,Female,it,US,S72422K,,false,true,2020-05-14T08:28:12Z
Sauveur Keel,skeelo9@domainmarket.com,+33-769-146-4100,Male,de,FR,E0832,,false,true,2020-03-05T04:51:36Z
Mirabelle Maycey,mmayceyoa@businesswire.com,+33-112-290-2042,Female,de,FR,,,true,false,2019-05-09T03:22:33Z
Harbert Binfield,hbinfieldob@yandex.ru,+46-672-375-9988,Male,sv,SE,,,false,true,2019-09-06T17:51:11Z
Leicester Raitt,,+46-137-560-5605,Male,nl,,S82125F,,false,false,2019-07-13T01:45:44Z
Meridel Hanham,,+46-207-215-2435,Female,it,,M8554,,false,true,2019-03-13T14:11:55Z
Barclay Simonich,bsimonichoe@businesswire.com,+33-136-551-5416,Male,sv,FR,S00541D,,true,true,2018-07-28T15:50:05Z
Quincy Osbaldstone,,+33-249-151-3882,Male,fr,,,Charlie,false,true,2020-02-20T10:59:03Z
Kermit Cross,kcrossog@guardian.co.uk,+33-351-377-8996,Male,en,FR,S63638S,,true,false,2020-05-16T10:46:05Z
Madalena Castri,,+33-424-950-8372,Female,es,,,,true,true,2019-01-26T00:32:42Z
Northrop Logue,nlogueoi@naver.com,+33-876-102-5084,Male,fr,FR,,India,true,true,2019-05-07T00:04:47Z
Lonnard Noyes,lnoyesoj@loc.gov,+33-928-497-4864,Male,it,FR,H10533,,false,true,2018-12-06T20:37:28Z
Welbie Calterone,wcalteroneok@github.io,+33-593-646-8151,Male,en,FR,W6111XS,,false,true,2018-04-26T22:31:30Z
Barron Mathew,,+33-356-716-3516,Male,,,M05362,,true,false,2019-08-26T10:44:10Z
Byron Cleever,bcleeverom@istockphoto.com,+39-983-419-4687,Male,,IT,M84621P,,true,false,2019-01-18T08:53:58Z
Kelcie Gabbot,kgabboton@dion.ne.jp,+33-879-145-9477,Female,fr,FR,,Delta,true,false,2019-01-24T20:58:52Z
Kevan Bushill,kbushilloo@yahoo.com,+33-138-734-9050,Male,sv,FR,N759,,true,true,2019-02-17T05:05:14Z
Reginald Dallander,rdallanderop@shinystat.com,+1-217-155-8782,Male,it,US,,,false,false,2019-03-23T20:03:21Z
Berna Sevier,bsevieroq@wisc.edu,+33-629-660-4096,Female,es,FR,M24569,,false,true,2019-03-23T22:40:39Z
Graig Filewood,gfilewoodor@live.com,+1-443-571-5440,Male,nl,US,,,true,true,2018-07-10T21:02:25Z
Latisha Fealey,lfealeyos@behance.net,+1-972-607-8082,Female,nl,US,,,false,true,2018-10-30T13:05:27Z
Patrice Ferronier,pferronierot@blogs.com,+33-886-777-5165,Male,de,FR,,,false,false,2020-06-12T18:46:31Z
Andres Lindeman,alindemanou@quantcast.com,+1-540-452-3537,Male,en,US,,,false,false,2020-02-12T16:51:49Z
Guillema Andrzejak,,+32-828-293-9973,Female,fr,,H95111,,true,false,2019-10-16T11:21:11Z
Renault Brightling,rbrightlingow@house.gov,+33-668-638-7635,Male,fr,FR,,,true,false,2019-07-20T15:28:43Z
Iver Arger,iargerox@apple.com,+1-281-149-6548,Male,fr,US,,,false,false,2018-09-26T23:20:39Z
Rudy Fury,rfuryoy@paginegialle.it,+33-594-549-9365,Male,en,FR,,,false,true,2020-08-18T01:51:40Z
Theodor Eadon,teadonoz@flickr.com,+46-571-222-7733,Male,de,SE,A08,,false,false,2020-02-24T06:23:11Z
Gawen Jeandon,gjeandonp0@ucsd.edu,+1-561-301-2695,Male,sv,US,,,false,false,2019-02-28T03:55:42Z
Sloane Swyndley,sswyndleyp1@mac.com,+1-805-845-2000,Male,de,US,M213,,true,true,2019-02-14T04:57:53Z
Roch Cluer,rcluerp2@seattletimes.com,+46-644-947-1641,Female,sv,SE,S92046K,,false,true,2018-08-30T13:36:19Z
Herbert Wellman,hwellmanp3@simplemachines.org,+46-853-662-1513,Male,de,SE,,,false,false,2019-12-01T22:33:30Z
Fred Goldston,fgoldstonp4@squarespace.com,+33-439-268-0211,Female,es,FR,W890XXA,,false,false,2018-06-13T21:44:09Z
Bail Curphey,bcurpheyp5@alexa.com,+46-426-717-0391,Male,fr,SE,,,true,false,2019-10-10T10:56:53Z
Talya Weight,tweightp6@sina.com.cn,+1-712-993-3297,Female,en,US,S63134D,,false,false,2019-05-31T01:53:22Z
Sharity Highway,shighwayp7@blogspot.com,+33-593-610-7314,Female,es,FR,,Tango,true,true,2019-08-02T03:13:19Z
Urban Janecki,ujaneckip8@meetup.com,+46-653-318-4790,Male,es,SE,S12121B,,true,false,2019-06-28T14:42:29Z
Ingra Rainer,irainerp9@sogou.com,+1-916-995-5961,Male,sv,US,Y37290S,,false,true,2018-04-24T02:06:50Z
Heinrik Oliphant,holiphantpa@shareasale.com,+33-708-362-8002,Male,it,FR,,,true,true,2019-01-25T12:17:44Z
Pepe Alten,paltenpb@admin.ch,+46-938-412-0930,Male,de,SE,,,true,true,2020-01-01T20:46:00Z
Klemens McKag,,+46-571-192-8397,Male,fr,,,,true,false,2019-10-31T02:00:18Z
Bendix Blueman,bbluemanpd@myspace.com,+1-716-874-4551,Male,de,US,,,false,true,2019-08-22T15:15:17Z
Evan Boyet,eboyetpe@dailymotion.com,+33-421-559-3719,Male,nl,FR,T387X3A,,false,false,2019-03-24T02:15:23Z
Florri Vequaud,fvequaudpf@usnews.com,+46-836-516-4978,Female,fr,SE,,Sierra,true,false,2019-07-28T17:57:18Z
Gerrie Lode,glodepg@tumblr.com,+46-660-550-6543,Male,en,SE,,,false,false,2019-04-13T03:30:36Z
Syd Hawick,shawickph@lulu.com,+33-715-107-7148,Male,nl,FR,,,true,true,2018-09-25T21:49:53Z
Angel Hitscher,,+33-703-629-1679,Female,,,T22239D,,true,true,2020-08-03T03:35:10Z
Francisca Vandenhoff,,+1-253-589-8016,Female,it,,,Bravo,true,false,2019-10-12T23:13:36Z
Olin Ashingden,,+1-601-308-0324,Male,es,,S5600,,true,false,2018-12-20T13:10:22Z
Fannie Pollington,fpollingtonpl@prnewswire.com,+46-728-514-1883,Female,nl,SE,V665,Sierra,true,false,2020-04-19T07:22:55Z
Marthe Parman,mparmanpm@deliciousdays.com,+33-158-826-1991,Female,fr,FR,,,,,2018-07-04T16:04:17Z
Mercie Howsley,mhowsleypn@marketwatch.com,+1-214-114-7959,Female,sv,US,,,true,false,2019-03-18T09:52:14Z
Sonja Graser,sgraserpo@prnewswire.com,+46-968-776-3394,Female,fr,SE,N184,,false,false,2019-04-25T20:10:55Z
Laughton Adiscot,ladiscotpp@bigcartel.com,+1-505-601-7641,Male,,US,S61213A,,false,false,2018-03-26T18:34:44Z
Harlin Varfalameev,hvarfalameevpq@smugmug.com,+1-907-871-1354,Male,en,US,M12379,X-ray,true,true,2019-07-02T16:25:23Z
Gun Fewings,gfewingspr@w3.org,+46-795-542-9519,Male,it,SE,,,false,true,2020-08-18T00:33:07Z
Clair Moorhead,cmoorheadps@imgur.com,+33-106-103-4303,Female,,FR,S92423B,,false,true,2020-04-04T05:39:41Z
Meredith Nabarro,mnabarropt@163.com,+46-644-705-8331,Male,nl,SE,S52613H,,false,true,2020-05-09T03:30:35Z
Karney Leckey,kleckeypu@geocities.jp,+33-349-570-9690,Male,de,FR,,,false,false,2019-09-12T16:01:04Z
Stefania Penswick,spenswickpv@newsvine.com,+46-351-652-3456,Female,fr,SE,,Juliett,false,false,2019-07-21T06:31:51Z
Anthea Gores,agorespw@about.com,+1-918-174-7614,Female,fr,US,,,true,true,2020-04-05T21:52:31Z
Pieter Higginbottam,phigginbottampx@nba.com,+1-913-188-2839,Male,fr,US,M61061,,true,false,2019-02-14T08:12:57Z
Dulsea Tenman,,+33-505-921-4560,Female,es,,T22739A,,false,true,2018-05-18T12:18:11Z
Katie Fallon,kfallonpz@census.gov,+1-214-317-7978,Female,en,US,,,true,false,2019-01-04T02:40:09Z
Nahum Alkins,nalkinsq0@squarespace.com,+46-967-917-5876,Male,it,SE,,,true,true,2020-06-03T14:24:07Z
Maddalena Timson,mtimsonq1@economist.com,+33-985-269-9252,Female,fr,FR,,,false,false,2020-04-30T17:00:09Z
Zackariah Shears,,+33-711-129-5102,Male,sv,,I69822,,false,true,2020-04-02T06:29:57Z
Helenelizabeth Kubanek,hkubanekq3@netvibes.com,+46-976-264-6729,Female,nl,SE,,Charlie,true,true,2020-06-09T10:54:19Z
Ros Ivanyutin,rivanyutinq4@furl.net,+1-305-117-8639,Female,it,US,X509,,true,true,2018-04-19T18:41:02Z
Cammie Aynscombe,caynscombeq5@infoseek.co.jp,+46-642-118-4308,Female,fr,SE,R1084,,true,false,2020-06-16T23:33:01Z
Igor Duke,,+1-630-426-9510,Male,es,,,,false,true,2019-04-28T17:33:11Z
Stillmann Nanni,snanniq7@csmonitor.com,+33-230-583-6853,Male,nl,FR,,,true,true,2020-06-27T23:52:22Z
Andrew Littrell,alittrellq8@homestead.com,+33-726-776-2062,Male,sv,FR,H44613,,false,true,2018-03-05T07:43:01Z
Ruy Hankard,,+1-907-508-2765,Male,en,,,,true,true,2018-11-25T23:54:46Z
Katleen Janovsky,kjanovskyqa@squarespace.com,+1-480-522-9152,Female,fr,US,S4451XS,,,,2018-10-05T10:58:19Z
Viviyan Greiser,vgreiserqb@simplemachines.org,+1-773-518-7334,Female,,US,S32426G,,true,true,2019-10-21T16:15:54Z
Yankee Campsall,,+1-917-663-2347,Male,nl,,S52242B,Bravo,false,false,2020-05-28T11:02:06Z
Rutherford Rosenstiel,rrosenstielqd@addtoany.com,+39-557-632-0166,Male,es,IT,,,false,false,2019-11-07T08:41:43Z
Giulietta Jenkerson,gjenkersonqe@hexun.com,+1-256-911-4975,Female,nl,US,,Echo,,,2019-10-28T10:05:52Z
Debera Metzel,dmetzelqf@google.co.uk,+1-989-718-9298,Female,fr,US,,,false,true,2020-04-08T08:41:50Z
Edithe Lahiff,,+1-201-113-0098,Female,fr,,T2015XD,,true,false,2019-05-31T18:35:36Z
Jeannine Laite,,+1-336-222-0283,Female,fr,,,,true,true,2019-09-22T04:26:04Z
Ker Hotton,khottonqi@prweb.com,+46-565-275-6219,Male,fr,SE,S06373S,,true,false,2019-01-17T02:33:25Z
Shirline Crigin,,+33-450-304-3490,Female,fr,,S14104S,Lima,false,false,2020-03-20T04:20:54Z
Hermione Unthank,,+33-263-523-1426,Female,fr,,,,false,false,2019-01-06T04:32:08Z
Onfre Loding,olodingql@state.gov,+46-659-409-9216,Male,fr,SE,,,true,false,2018-12-15T17:30:52Z
Donal Blazejewski,dblazejewskiqm@marketwatch.com,+46-903-732-8505,Male,en,SE,S83289S,X-ray,true,false,2019-11-26T18:36:35Z
Garold Mingard,gmingardqn@t.co,+46-746-687-4762,Male,nl,SE,M2413,November,false,true,2019-07-27T21:26:43Z
Caleb Curee,ccureeqo@sohu.com,+1-601-482-7161,Male,de,US,,Delta,false,true,2019-05-06T05:29:56Z
Bartholomeo Proom,,+33-805-377-5914,Male,es,,V9084,Kilo,false,true,2020-07-10T16:55:34Z
Franky Cuttler,fcuttlerqq@goo.gl,+46-668-524-7006,Female,de,SE,Y36820,,false,false,2019-02-04T10:00:27Z
Erin Lawland,elawlandqr@jalbum.net,+33-914-865-0747,Female,fr,FR,Y35311A,,true,true,2020-04-12T02:41:49Z
Hermann Pacquet,hpacquetqs@slideshare.net,+46-748-946-0392,Male,nl,SE,S92252A,Foxtrot,false,true,2020-06-02T05:31:39Z
Regen Baldrick,rbaldrickqt@netlog.com,+46-988-428-5452,Male,fr,SE,,Romeo,false,true,2018-06-16T18:35:27Z
Novelia Nardoni,,+1-435-858-4210,Female,fr,,E854,,,,2020-05-30T14:42:18Z
Ianthe Laxtonne,ilaxtonneqv@cam.ac.uk,+33-881-161-0768,Female,de,FR,T458X,,true,true,2020-05-04T13:20:45Z
Romain Mattek,rmattekqw@cnn.com,+1-714-337-8375,Male,es,US,M2562,,false,false,2019-02-19T15:01:56Z
Maxie Gayle,mgayleqx@state.gov,+33-212-524-7830,Female,,FR,Z89431,,true,false,2018-08-19T21:30:00Z
Smith Gettings,sgettingsqy@netscape.com,+46-384-940-0483,Male,it,SE,,,true,false,2020-05-14T09:19:07Z
Uriel Noads,unoadsqz@slate.com,+1-571-703-8648,Male,es,US,O3122X2,,false,false,2019-07-11T19:17:20Z
Feodora Taunton,ftauntonr0@over-blog.com,+33-408-760-4402,Female,de,FR,T466X4S,,false,true,2019-04-24T09:18:53Z
Basilius Glisane,bglisaner1@virginia.edu,+33-274-712-5768,Male,sv,FR,S32038B,,true,true,2018-12-10T05:10:55Z
Gregory Cristofalo,gcristofalor2@indiegogo.com,+46-259-478-0528,Male,sv,SE,S60131S,,true,false,2020-02-08T21:57:04Z
Fernandina Vern,fvernr3@tripadvisor.com,+33-531-640-9194,Female,it,FR,,,true,true,2020-05-08T05:45:07Z
Nanine Chisholm,,+33-104-251-0644,Female,es,,,,false,false,2020-03-29T14:53:32Z
Gusti Joutapaitis,gjoutapaitisr5@pcworld.com,+1-202-544-9649,Female,,US,S92516A,,false,false,2018-04-16T14:52:51Z
Shurlocke Arons,saronsr6@census.gov,+33-567-203-4331,Male,es,FR,S82113Q,Lima,false,false,2019-10-04T22:23:48Z
Waiter Duckerin,wduckerinr7@miitbeian.gov.cn,+46-956-673-1771,Male,es,SE,,,true,false,2020-02-14T22:45:11Z
Zollie Laming,,+33-499-845-2828,Male,fr,,S3134XD,,false,false,2018-12-24T14:48:50Z
Merrile Guerry,,+46-852-412-0895,Female,fr,,S65504A,,false,true,2018-12-16T09:45:20Z
Pancho Mussilli,pmussillira@statcounter.com,+1-716-506-2363,Male,en,US,S89301S,,false,false,2019-06-01T17:36:06Z
Constantin Phillippo,cphillipporb@youku.com,+46-822-308-7236,Male,nl,SE,S066X3S,,true,true,2019-11-17T12:54:02Z
Zachary Orteu,zorteurc@cnbc.com,+33-546-369-1311,Male,nl,FR,F4321,,false,true,2019-11-16T16:58:22Z
Abran Dwyer,adwyerrd@craigslist.org,+1-682-588-3959,Male,it,US,S27312S,,false,true,2018-11-01T23:07:45Z
Lyndy Tigwell,ltigwellre@cornell.edu,+1-757-101-8409,Female,fr,US,S92124B,,true,false,2018-08-19T04:21:34Z
Corrinne Andryunin,candryuninrf@ocn.ne.jp,+1-856-259-4966,Female,it,US,,,true,true,2019-09-27T12:50:14Z
Noble Jerman,njermanrg@quantcast.com,+46-891-944-7715,Male,en,SE,W16112A,,true,true,2019-11-06T04:57:01Z
Cassie Gowdy,cgowdyrh@chronoengine.com,+33-636-805-7625,Male,en,FR,,,true,false,2020-01-25T06:57:29Z
Karel Wantling,kwantlingri@discovery.com,+33-522-414-4900,Female,it,FR,,,true,false,2019-04-14T22:27:01Z
Harriett Ferns,hfernsrj@example.com,+39-959-762-4045,Female,sv,IT,,,false,false,2018-06-07T20:43:11Z
Steward Bricket,sbricketrk@prnewswire.com,+33-582-160-5686,Male,sv,FR,,,true,true,2019-04-13T14:32:32Z
Yuma Galvin,ygalvinrl@simplemachines.org,+33-506-629-1013,Male,,FR,,,false,true,2018-04-14T05:24:10Z
Rossie Readshall,rreadshallrm@mozilla.com,+33-151-370-0223,Male,nl,FR,S9431XS,,false,true,2020-01-31T06:53:09Z
Devland Glauber,dglauberrn@desdev.cn,+46-883-583-0758,Male,fr,SE,,,,,2019-06-19T21:54:21Z
Colin Stille,,+1-919-454-0938,Male,en,,Z943,,false,false,2019-01-06T16:13:52Z
Robin Balmadier,,+33-445-665-1462,Male,sv,,T84420S,Tango,true,false,2018-06-16T19:02:05Z
Patin Ziemecki,pziemeckirq@sun.com,+1-214-866-9293,Male,fr,US,O2431,,false,true,2018-09-20T07:52:26Z
Charin Muffitt,cmuffittrr@a8.net,+33-343-740-1804,Female,en,FR,S25492A,,false,false,2018-10-11T11:49:21Z
